◇ injected env (2) from .env // tip: ⌘ suppress logs { quiet: true }
Database tables initialized successfully using local SQLite.
Backend server running on port 3000
QUERY Executing: SELECT * FROM users WHERE email = ? PARAMS: [ '24mcaa20@kristujayanti.com' ]
QUERY SUCCESS, rows count: 1
QUERY Executing: 
      SELECT n.*, u.name as created_by_name, u.rating_sum as creator_rating_sum, u.rating_count as creator_rating_count 
      FRnode:events:4node:events:487
      throw er; // Unhandled 'error' event
      ^

Error: read EIO
    at TTY.onStreamRead (node:internal/stream_base_commons:216:20)
Emitted 'error' event on ReadStream instance at:
    at emitErrorNT (node:internal/streams/destroy:170:8)
    at emitErrorCloseNT (node:internal/streams/destroy:129:3)
    at process.processTicksAndRejections (node:internal/process/task_queues:90:21) {
  errno: -5,
  code: 'EIO',
  syscall: 'read'
}

Node.js v25.9.0
E n.created_by = ? OR n.assigned_to = ?
       ORDER BY n.created_at DESC PARAMS: [ 2, 2 ]
QUERY SUCCESS, rows count: 1
QUERY Executing: SELECT n.*, u.name as created_by_name, u.rating_sum as creator_rating_sum, u.rating_count as creator_rating_count 
       FROM needs n
       JOIN users u ON n.created_by = u.id
       WHERE n.created_by = ? OR n.assigned_to = ?
       ORDER BY n.created_at DESC PARAMS: [ 2, 2 ]
QUERY Executing: SELECT n.*, u.name as created_by_name, u.rating_sum as creator_rating_sum, u.rating_count as creator_rating_count 
       FROM needs n
       JOIN users u ON n.created_by = u.id
       WHERE n.created_by = ? OR n.assigned_to = ?
       ORDER BY n.created_at DESC PARAMS: [ 2, 2 ]
QUERY SUCCESS, rows count: 1
QUERY SUCCESS, rows count: 1
QUERY Executing: SELECT n.*, u.name as created_by_name, u.rating_sum as creator_rating_sum, u.rating_count as creator_rating_count 
       FROM needs n
       JOIN users u ON n.created_by = u.id
       WHERE n.created_by = ? OR n.assigned_to = ?
       ORDER BY n.created_at DESC PARAMS: [ 2, 2 ]
QUERY Executing: SELECT n.*, u.name as created_by_name, u.rating_sum as creator_rating_sum, u.rating_count as creator_rating_count 
       FROM needs n
       JOIN users u ON n.created_by = u.id
       WHERE n.created_by = ? OR n.assigned_to = ?
       ORDER BY n.created_at DESC PARAMS: [ 2, 2 ]
QUERY SUCCESS, rows count: 1
QUERY SUCCESS, rows count: 1
QUERY Executing: SELECT status, created_by, assigned_to FROM needs WHERE id = ? PARAMS: [ '1' ]
QUERY SUCCESS, rows count: 1
QUERY Executing: UPDATE users SET rating_sum = rating_sum + ?, rating_count = rating_count + 1 WHERE id = ? PARAMS: [ 4, 7 ]
QUERY SUCCESS, rows count: 0
QUERY Executing: SELECT n.*, u.name as created_by_name, u.rating_sum as creator_rating_sum, u.rating_count as creator_rating_count 
       FROM needs n
       JOIN users u ON n.created_by = u.id
       WHERE n.created_by = ? OR n.assigned_to = ?
       ORDER BY n.created_at DESC PARAMS: [ 2, 2 ]
QUERY Executing: SELECT n.*, u.name as created_by_name, u.rating_sum as creator_rating_sum, u.rating_count as creator_rating_count 
       FROM needs n
       JOIN users u ON n.created_by = u.id
       WHERE n.created_by = ? OR n.assigned_to = ?
       ORDER BY n.created_at DESC PARAMS: [ 2, 2 ]
QUERY SUCCESS, rows count: 1
QUERY SUCCESS, rows count: 1
QUERY Executing: 
      SELECT n.*, u.name as created_by_name, u.rating_sum as creator_rating_sum, u.rating_count as creator_rating_count 
      FROM needs n
      JOIN users u ON n.created_by = u.id
      ORDER BY n.created_at DESC
     PARAMS: []
QUERY Executing: 
      SELECT n.*, u.name as created_by_name, u.rating_sum as creator_rating_sum, u.rating_count as creator_rating_count 
      FROM needs n
      JOIN users u ON n.created_by = u.id
      ORDER BY n.created_at DESC
     PARAMS: []
QUERY SUCCESS, rows count: 1
QUERY SUCCESS, rows count: 1
QUERY Executing: SELECT id, name, email, rating_sum, rating_count, created_at FROM users WHERE id = ? PARAMS: [ 2 ]
QUERY Executing: SELECT id, name, email, rating_sum, rating_count, created_at FROM users WHERE id = ? PARAMS: [ 2 ]
QUERY SUCCESS, rows count: 1
QUERY SUCCESS, rows count: 1
QUERY Executing: SELECT n.*, u.name as created_by_name, u.rating_sum as creator_rating_sum, u.rating_count as creator_rating_count 
       FROM needs n
       JOIN users u ON n.created_by = u.id
       WHERE n.created_by = ? OR n.assigned_to = ?
       ORDER BY n.created_at DESC PARAMS: [ 2, 2 ]
QUERY Executing: SELECT n.*, u.name as created_by_name, u.rating_sum as creator_rating_sum, u.rating_count as creator_rating_count 
       FROM needs n
       JOIN users u ON n.created_by = u.id
       WHERE n.created_by = ? OR n.assigned_to = ?
       ORDER BY n.created_at DESC PARAMS: [ 2, 2 ]
QUERY SUCCESS, rows count: 1
QUERY SUCCESS, rows count: 1
QUERY Executing: SELECT n.*, u.name as created_by_name, u.rating_sum as creator_rating_sum, u.rating_count as creator_rating_count 
       FROM needs n
       JOIN users u ON n.created_by = u.id
       WHERE n.created_by = ? OR n.assigned_to = ?
       ORDER BY n.created_at DESC PARAMS: [ 2, 2 ]
QUERY Executing: SELECT n.*, u.name as created_by_name, u.rating_sum as creator_rating_sum, u.rating_count as creator_rating_count 
       FROM needs n
       JOIN users u ON n.created_by = u.id
       WHERE n.created_by = ? OR n.assigned_to = ?
       ORDER BY n.created_at DESC PARAMS: [ 2, 2 ]
QUERY SUCCESS, rows count: 1
QUERY SUCCESS, rows count: 1
QUERY Executing: SELECT n.*, u.name as created_by_name, u.rating_sum as creator_rating_sum, u.rating_count as creator_rating_count 
       FROM needs n
       JOIN users u ON n.created_by = u.id
       WHERE n.created_by = ? OR n.assigned_to = ?
       ORDER BY n.created_at DESC PARAMS: [ 2, 2 ]
QUERY Executing: SELECT n.*, u.name as created_by_name, u.rating_sum as creator_rating_sum, u.rating_count as creator_rating_count 
       FROM needs n
       JOIN users u ON n.created_by = u.id
       WHERE n.created_by = ? OR n.assigned_to = ?
       ORDER BY n.created_at DESC PARAMS: [ 2, 2 ]
QUERY SUCCESS, rows count: 1
QUERY SUCCESS, rows count: 1
QUERY Executing: SELECT n.*, u.name as created_by_name, u.rating_sum as creator_rating_sum, u.rating_count as creator_rating_count 
       FROM needs n
       JOIN users u ON n.created_by = u.id
       WHERE n.created_by = ? OR n.assigned_to = ?
       ORDER BY n.created_at DESC PARAMS: [ 2, 2 ]
QUERY Executing: SELECT n.*, u.name as created_by_name, u.rating_sum as creator_rating_sum, u.rating_count as creator_rating_count 
       FROM needs n
       JOIN users u ON n.created_by = u.id
       WHERE n.created_by = ? OR n.assigned_to = ?
       ORDER BY n.created_at DESC PARAMS: [ 2, 2 ]
QUERY SUCCESS, rows count: 1
QUERY SUCCESS, rows count: 1
QUERY Executing: 
      SELECT n.*, u.name as created_by_name, u.rating_sum as creator_rating_sum, u.rating_count as creator_rating_count 
      FROM needs n
      JOIN users u ON n.created_by = u.id
      ORDER BY n.created_at DESC
     PARAMS: []
QUERY Executing: 
      SELECT n.*, u.name as created_by_name, u.rating_sum as creator_rating_sum, u.rating_count as creator_rating_count 
      FROM needs n
      JOIN users u ON n.created_by = u.id
      ORDER BY n.created_at DESC
     PARAMS: []
QUERY SUCCESS, rows count: 1
QUERY SUCCESS, rows count: 1
QUERY Executing: 
      SELECT n.*, u.name as created_by_name, u.rating_sum as creator_rating_sum, u.rating_count as creator_rating_count 
      FROM needs n
      JOIN users u ON n.created_by = u.id
      ORDER BY n.created_at DESC
     PARAMS: []
QUERY Executing: 
      SELECT n.*, u.name as created_by_name, u.rating_sum as creator_rating_sum, u.rating_count as creator_rating_count 
      FROM needs n
      JOIN users u ON n.created_by = u.id
      ORDER BY n.created_at DESC
     PARAMS: []
QUERY SUCCESS, rows count: 1
QUERY SUCCESS, rows count: 1
QUERY Executing: SELECT id, name, email, rating_sum, rating_count, created_at FROM users WHERE id = ? PARAMS: [ 2 ]
QUERY Executing: SELECT id, name, email, rating_sum, rating_count, created_at FROM users WHERE id = ? PARAMS: [ 2 ]
QUERY SUCCESS, rows count: 1
QUERY SUCCESS, rows count: 1
QUERY Executing: SELECT n.*, u.name as created_by_name, u.rating_sum as creator_rating_sum, u.rating_count as creator_rating_count 
       FROM needs n
       JOIN users u ON n.created_by = u.id
       WHERE n.created_by = ? OR n.assigned_to = ?
       ORDER BY n.created_at DESC PARAMS: [ 2, 2 ]
QUERY Executing: SELECT n.*, u.name as created_by_name, u.rating_sum as creator_rating_sum, u.rating_count as creator_rating_count 
       FROM needs n
       JOIN users u ON n.created_by = u.id
       WHERE n.created_by = ? OR n.assigned_to = ?
       ORDER BY n.created_at DESC PARAMS: [ 2, 2 ]
QUERY SUCCESS, rows count: 1
QUERY SUCCESS, rows count: 1
QUERY Executing: INSERT INTO needs (title, description, category, reward, created_by, deadline)
       VALUES (?, ?, ?, ?, ?, ?) RETURNING * PARAMS: [
  'for one nit',
  'I vacate my pg so I dont have a stay',
  'stay',
  250,
  2,
  null
]
QUERY SUCCESS, rows count: 1
QUERY Executing: 
      SELECT n.*, u.name as created_by_name, u.rating_sum as creator_rating_sum, u.rating_count as creator_rating_count 
      FROM needs n
      JOIN users u ON n.created_by = u.id
      ORDER BY n.created_at DESC
     PARAMS: []
QUERY SUCCESS, rows count: 2
QUERY Executing: SELECT id, name, email, rating_sum, rating_count, created_at FROM users WHERE id = ? PARAMS: [ 2 ]
QUERY SUCCESS, rows count: 1
QUERY Executing: SELECT id, name, email, rating_sum, rating_count, created_at FROM users WHERE id = ? PARAMS: [ 2 ]
QUERY SUCCESS, rows count: 1
QUERY Executing: SELECT n.*, u.name as created_by_name, u.rating_sum as creator_rating_sum, u.rating_count as creator_rating_count 
       FROM needs n
       JOIN users u ON n.created_by = u.id
       WHERE n.created_by = ? OR n.assigned_to = ?
       ORDER BY n.created_at DESC PARAMS: [ 2, 2 ]
QUERY Executing: SELECT n.*, u.name as created_by_name, u.rating_sum as creator_rating_sum, u.rating_count as creator_rating_count 
       FROM needs n
       JOIN users u ON n.created_by = u.id
       WHERE n.created_by = ? OR n.assigned_to = ?
       ORDER BY n.created_at DESC PARAMS: [ 2, 2 ]
QUERY SUCCESS, rows count: 2
QUERY SUCCESS, rows count: 2
QUERY Executing: SELECT n.*, u.name as created_by_name, u.rating_sum as creator_rating_sum, u.rating_count as creator_rating_count 
       FROM needs n
       JOIN users u ON n.created_by = u.id
       WHERE n.created_by = ? OR n.assigned_to = ?
       ORDER BY n.created_at DESC PARAMS: [ 2, 2 ]
QUERY Executing: SELECT n.*, u.name as created_by_name, u.rating_sum as creator_rating_sum, u.rating_count as creator_rating_count 
       FROM needs n
       JOIN users u ON n.created_by = u.id
       WHERE n.created_by = ? OR n.assigned_to = ?
       ORDER BY n.created_at DESC PARAMS: [ 2, 2 ]
QUERY SUCCESS, rows count: 2
QUERY SUCCESS, rows count: 2
QUERY Executing: SELECT n.*, u.name as created_by_name, u.rating_sum as creator_rating_sum, u.rating_count as creator_rating_count 
       FROM needs n
       JOIN users u ON n.created_by = u.id
       WHERE n.created_by = ? OR n.assigned_to = ?
       ORDER BY n.created_at DESC PARAMS: [ 2, 2 ]
QUERY Executing: SELECT n.*, u.name as created_by_name, u.rating_sum as creator_rating_sum, u.rating_count as creator_rating_count 
       FROM needs n
       JOIN users u ON n.created_by = u.id
       WHERE n.created_by = ? OR n.assigned_to = ?
       ORDER BY n.created_at DESC PARAMS: [ 2, 2 ]
QUERY SUCCESS, rows count: 2
QUERY SUCCESS, rows count: 2
QUERY Executing: SELECT * FROM users WHERE email = ? PARAMS: [ '24mcaa20@kristujayanti.com' ]
QUERY SUCCESS, rows count: 1
QUERY Executing: 
      SELECT n.*, u.name as created_by_name, u.rating_sum as creator_rating_sum, u.rating_count as creator_rating_count 
      FROM needs n
      JOIN users u ON n.created_by = u.id
      ORDER BY n.created_at DESC
     PARAMS: []
QUERY Executing: 
      SELECT n.*, u.name as created_by_name, u.rating_sum as creator_rating_sum, u.rating_count as creator_rating_count 
      FROM needs n
      JOIN users u ON n.created_by = u.id
      ORDER BY n.created_at DESC
     PARAMS: []
QUERY SUCCESS, rows count: 2
QUERY SUCCESS, rows count: 2
QUERY Executing: SELECT id, name, email, rating_sum, rating_count, created_at FROM users WHERE id = ? PARAMS: [ 2 ]
QUERY SUCCESS, rows count: 1
QUERY Executing: SELECT n.*, u.name as created_by_name, u.rating_sum as creator_rating_sum, u.rating_count as creator_rating_count 
       FROM needs n
       JOIN users u ON n.created_by = u.id
       WHERE n.created_by = ? OR n.assigned_to = ?
       ORDER BY n.created_at DESC PARAMS: [ 2, 2 ]
QUERY SUCCESS, rows count: 2
QUERY Executing: SELECT n.*, u.name as created_by_name, u.rating_sum as creator_rating_sum, u.rating_count as creator_rating_count 
       FROM needs n
       JOIN users u ON n.created_by = u.id
       WHERE n.created_by = ? OR n.assigned_to = ?
       ORDER BY n.created_at DESC PARAMS: [ 2, 2 ]
QUERY Executing: SELECT n.*, u.name as created_by_name, u.rating_sum as creator_rating_sum, u.rating_count as creator_rating_count 
       FROM needs n
       JOIN users u ON n.created_by = u.id
       WHERE n.created_by = ? OR n.assigned_to = ?
       ORDER BY n.created_at DESC PARAMS: [ 2, 2 ]
QUERY SUCCESS, rows count: 2
QUERY SUCCESS, rows count: 2
QUERY Executing: SELECT n.*, u.name as created_by_name, u.rating_sum as creator_rating_sum, u.rating_count as creator_rating_count 
       FROM needs n
       JOIN users u ON n.created_by = u.id
       WHERE n.created_by = ? OR n.assigned_to = ?
       ORDER BY n.created_at DESC PARAMS: [ 2, 2 ]
QUERY Executing: SELECT n.*, u.name as created_by_name, u.rating_sum as creator_rating_sum, u.rating_count as creator_rating_count 
       FROM needs n
       JOIN users u ON n.created_by = u.id
       WHERE n.created_by = ? OR n.assigned_to = ?
       ORDER BY n.created_at DESC PARAMS: [ 2, 2 ]
QUERY SUCCESS, rows count: 2
QUERY SUCCESS, rows count: 2
QUERY Executing: 
      SELECT n.*, u.name as created_by_name, u.rating_sum as creator_rating_sum, u.rating_count as creator_rating_count 
      FROM needs n
      JOIN users u ON n.created_by = u.id
      ORDER BY n.created_at DESC
     PARAMS: []
QUERY SUCCESS, rows count: 2
QUERY Executing: 
      SELECT n.*, u.name as created_by_name, u.rating_sum as creator_rating_sum, u.rating_count as creator_rating_count 
      FROM needs n
      JOIN users u ON n.created_by = u.id
      ORDER BY n.created_at DESC
     PARAMS: []
QUERY SUCCESS, rows count: 2
QUERY Executing: 
      SELECT n.*, u.name as created_by_name, u.rating_sum as creator_rating_sum, u.rating_count as creator_rating_count 
      FROM needs n
      JOIN users u ON n.created_by = u.id
      ORDER BY n.created_at DESC
     PARAMS: []
QUERY SUCCESS, rows count: 2
QUERY Executing: SELECT id, name, email, rating_sum, rating_count, created_at FROM users WHERE id = ? PARAMS: [ 2 ]
QUERY Executing: 
      SELECT n.*, u.name as created_by_name, u.rating_sum as creator_rating_sum, u.rating_count as creator_rating_count 
      FROM needs n
      JOIN users u ON n.created_by = u.id
      ORDER BY n.created_at DESC
     PARAMS: []
QUERY SUCCESS, rows count: 1
QUERY SUCCESS, rows count: 2
QUERY Executing: SELECT n.*, u.name as created_by_name, u.rating_sum as creator_rating_sum, u.rating_count as creator_rating_count 
       FROM needs n
       JOIN users u ON n.created_by = u.id
       WHERE n.created_by = ? OR n.assigned_to = ?
       ORDER BY n.created_at DESC PARAMS: [ 2, 2 ]
QUERY SUCCESS, rows count: 2
QUERY Executing: SELECT id, name, email, rating_sum, rating_count, created_at FROM users WHERE id = ? PARAMS: [ 2 ]
QUERY SUCCESS, rows count: 1
QUERY Executing: SELECT n.*, u.name as created_by_name, u.rating_sum as creator_rating_sum, u.rating_count as creator_rating_count 
       FROM needs n
       JOIN users u ON n.created_by = u.id
       WHERE n.created_by = ? OR n.assigned_to = ?
       ORDER BY n.created_at DESC PARAMS: [ 2, 2 ]
QUERY SUCCESS, rows count: 2
QUERY Executing: SELECT n.*, u.name as created_by_name, u.rating_sum as creator_rating_sum, u.rating_count as creator_rating_count 
       FROM needs n
       JOIN users u ON n.created_by = u.id
       WHERE n.created_by = ? OR n.assigned_to = ?
       ORDER BY n.created_at DESC PARAMS: [ 2, 2 ]
QUERY SUCCESS, rows count: 2
QUERY Executing: SELECT n.*, u.name as created_by_name, u.rating_sum as creator_rating_sum, u.rating_count as creator_rating_count 
       FROM needs n
       JOIN users u ON n.created_by = u.id
       WHERE n.created_by = ? OR n.assigned_to = ?
       ORDER BY n.created_at DESC PARAMS: [ 2, 2 ]
QUERY SUCCESS, rows count: 2
QUERY Executing: SELECT created_by, assigned_to FROM needs WHERE id = ? PARAMS: [ '1' ]
QUERY SUCCESS, rows count: 1
QUERY Executing: SELECT m.*, u.name as sender_name 
       FROM messages m
       JOIN users u ON m.sender_id = u.id
       WHERE m.need_id = ?
       ORDER BY m.timestamp ASC PARAMS: [ '1' ]
QUERY SUCCESS, rows count: 4
QUERY Executing: SELECT created_by, assigned_to FROM needs WHERE id = ? PARAMS: [ '1' ]
QUERY SUCCESS, rows count: 1
QUERY Executing: SELECT m.*, u.name as sender_name 
       FROM messages m
       JOIN users u ON m.sender_id = u.id
       WHERE m.need_id = ?
       ORDER BY m.timestamp ASC PARAMS: [ '1' ]
QUERY SUCCESS, rows count: 4
QUERY Executing: SELECT created_by, assigned_to FROM needs WHERE id = ? PARAMS: [ '1' ]
QUERY SUCCESS, rows count: 1
QUERY Executing: SELECT m.*, u.name as sender_name 
       FROM messages m
       JOIN users u ON m.sender_id = u.id
       WHERE m.need_id = ?
       ORDER BY m.timestamp ASC PARAMS: [ '1' ]
QUERY SUCCESS, rows count: 4
QUERY Executing: SELECT created_by, assigned_to FROM needs WHERE id = ? PARAMS: [ '1' ]
QUERY SUCCESS, rows count: 1
QUERY Executing: SELECT m.*, u.name as sender_name 
       FROM messages m
       JOIN users u ON m.sender_id = u.id
       WHERE m.need_id = ?
       ORDER BY m.timestamp ASC PARAMS: [ '1' ]
QUERY SUCCESS, rows count: 4
QUERY Executing: SELECT created_by, assigned_to FROM needs WHERE id = ? PARAMS: [ '1' ]
QUERY SUCCESS, rows count: 1
QUERY Executing: SELECT m.*, u.name as sender_name 
       FROM messages m
       JOIN users u ON m.sender_id = u.id
       WHERE m.need_id = ?
       ORDER BY m.timestamp ASC PARAMS: [ '1' ]
QUERY SUCCESS, rows count: 4
QUERY Executing: SELECT created_by, assigned_to FROM needs WHERE id = ? PARAMS: [ '1' ]
QUERY SUCCESS, rows count: 1
QUERY Executing: SELECT m.*, u.name as sender_name 
       FROM messages m
       JOIN users u ON m.sender_id = u.id
       WHERE m.need_id = ?
       ORDER BY m.timestamp ASC PARAMS: [ '1' ]
QUERY SUCCESS, rows count: 4
QUERY Executing: SELECT created_by, assigned_to FROM needs WHERE id = ? PARAMS: [ '1' ]
QUERY SUCCESS, rows count: 1
QUERY Executing: SELECT m.*, u.name as sender_name 
       FROM messages m
       JOIN users u ON m.sender_id = u.id
       WHERE m.need_id = ?
       ORDER BY m.timestamp ASC PARAMS: [ '1' ]
QUERY SUCCESS, rows count: 4
QUERY Executing: SELECT n.*, u.name as created_by_name, u.rating_sum as creator_rating_sum, u.rating_count as creator_rating_count 
       FROM needs n
       JOIN users u ON n.created_by = u.id
       WHERE n.created_by = ? OR n.assigned_to = ?
       ORDER BY n.created_at DESC PARAMS: [ 2, 2 ]
QUERY SUCCESS, rows count: 2
QUERY Executing: SELECT created_by, assigned_to FROM needs WHERE id = ? PARAMS: [ '1' ]
QUERY SUCCESS, rows count: 1
QUERY Executing: SELECT m.*, u.name as sender_name 
       FROM messages m
       JOIN users u ON m.sender_id = u.id
       WHERE m.need_id = ?
       ORDER BY m.timestamp ASC PARAMS: [ '1' ]
QUERY SUCCESS, rows count: 4
QUERY Executing: SELECT created_by, assigned_to FROM needs WHERE id = ? PARAMS: [ '1' ]
QUERY SUCCESS, rows count: 1
QUERY Executing: SELECT m.*, u.name as sender_name 
       FROM messages m
       JOIN users u ON m.sender_id = u.id
       WHERE m.need_id = ?
       ORDER BY m.timestamp ASC PARAMS: [ '1' ]
QUERY SUCCESS, rows count: 4
QUERY Executing: SELECT created_by, assigned_to FROM needs WHERE id = ? PARAMS: [ '1' ]
QUERY SUCCESS, rows count: 1
QUERY Executing: SELECT m.*, u.name as sender_name 
       FROM messages m
       JOIN users u ON m.sender_id = u.id
       WHERE m.need_id = ?
       ORDER BY m.timestamp ASC PARAMS: [ '1' ]
QUERY SUCCESS, rows count: 4
QUERY Executing: 
      SELECT n.*, u.name as created_by_name, u.rating_sum as creator_rating_sum, u.rating_count as creator_rating_count 
      FROM needs n
      JOIN users u ON n.created_by = u.id
      ORDER BY n.created_at DESC
     PARAMS: []
QUERY SUCCESS, rows count: 2
QUERY Executing: 
      SELECT n.*, u.name as created_by_name, u.rating_sum as creator_rating_sum, u.rating_count as creator_rating_count 
      FROM needs n
      JOIN users u ON n.created_by = u.id
      ORDER BY n.created_at DESC
     PARAMS: []
QUERY SUCCESS, rows count: 2
QUERY Executing: 
      SELECT n.*, u.name as created_by_name, u.rating_sum as creator_rating_sum, u.rating_count as creator_rating_count 
      FROM needs n
      JOIN users u ON n.created_by = u.id
      ORDER BY n.created_at DESC
     PARAMS: []
QUERY SUCCESS, rows count: 2
QUERY Executing: 
      SELECT n.*, u.name as created_by_name, u.rating_sum as creator_rating_sum, u.rating_count as creator_rating_count 
      FROM needs n
      JOIN users u ON n.created_by = u.id
      ORDER BY n.created_at DESC
     PARAMS: []
QUERY SUCCESS, rows count: 2
QUERY Executing: SELECT id, name, email, rating_sum, rating_count, created_at FROM users WHERE id = ? PARAMS: [ 2 ]
QUERY SUCCESS, rows count: 1
QUERY Executing: SELECT id, name, email, rating_sum, rating_count, created_at FROM users WHERE id = ? PARAMS: [ 2 ]
QUERY SUCCESS, rows count: 1
QUERY Executing: SELECT n.*, u.name as created_by_name, u.rating_sum as creator_rating_sum, u.rating_count as creator_rating_count 
       FROM needs n
       JOIN users u ON n.created_by = u.id
       WHERE n.created_by = ? OR n.assigned_to = ?
       ORDER BY n.created_at DESC PARAMS: [ 2, 2 ]
QUERY Executing: SELECT n.*, u.name as created_by_name, u.rating_sum as creator_rating_sum, u.rating_count as creator_rating_count 
       FROM needs n
       JOIN users u ON n.created_by = u.id
       WHERE n.created_by = ? OR n.assigned_to = ?
       ORDER BY n.created_at DESC PARAMS: [ 2, 2 ]
QUERY SUCCESS, rows count: 2
QUERY SUCCESS, rows count: 2
QUERY Executing: 
      SELECT n.*, u.name as created_by_name, u.rating_sum as creator_rating_sum, u.rating_count as creator_rating_count 
      FROM needs n
      JOIN users u ON n.created_by = u.id
      ORDER BY n.created_at DESC
     PARAMS: []
QUERY Executing: SELECT id, name, email, rating_sum, rating_count, created_at FROM users WHERE id = ? PARAMS: [ 2 ]
QUERY Executing: SELECT n.*, u.name as created_by_name, u.rating_sum as creator_rating_sum, u.rating_count as creator_rating_count 
       FROM needs n
       JOIN users u ON n.created_by = u.id
       WHERE n.created_by = ? OR n.assigned_to = ?
       ORDER BY n.created_at DESC PARAMS: [ 2, 2 ]
QUERY SUCCESS, rows count: 2
QUERY Executing: 
      SELECT n.*, u.name as created_by_name, u.rating_sum as creator_rating_sum, u.rating_count as creator_rating_count 
      FROM needs n
      JOIN users u ON n.created_by = u.id
      ORDER BY n.created_at DESC
     PARAMS: []
QUERY Executing: SELECT id, name, email, rating_sum, rating_count, created_at FROM users WHERE id = ? PARAMS: [ 2 ]
QUERY SUCCESS, rows count: 1
QUERY Executing: SELECT n.*, u.name as created_by_name, u.rating_sum as creator_rating_sum, u.rating_count as creator_rating_count 
       FROM needs n
       JOIN users u ON n.created_by = u.id
       WHERE n.created_by = ? OR n.assigned_to = ?
       ORDER BY n.created_at DESC PARAMS: [ 2, 2 ]
QUERY SUCCESS, rows count: 2
QUERY SUCCESS, rows count: 2
QUERY SUCCESS, rows count: 1
QUERY SUCCESS, rows count: 2
QUERY Executing: SELECT n.*, u.name as created_by_name, u.rating_sum as creator_rating_sum, u.rating_count as creator_rating_count 
       FROM needs n
       JOIN users u ON n.created_by = u.id
       WHERE n.created_by = ? OR n.assigned_to = ?
       ORDER BY n.created_at DESC PARAMS: [ 2, 2 ]
QUERY Executing: SELECT n.*, u.name as created_by_name, u.rating_sum as creator_rating_sum, u.rating_count as creator_rating_count 
       FROM needs n
       JOIN users u ON n.created_by = u.id
       WHERE n.created_by = ? OR n.assigned_to = ?
       ORDER BY n.created_at DESC PARAMS: [ 2, 2 ]
QUERY SUCCESS, rows count: 2
QUERY SUCCESS, rows count: 2
QUERY Executing: SELECT n.*, u.name as created_by_name, u.rating_sum as creator_rating_sum, u.rating_count as creator_rating_count 
       FROM needs n
       JOIN users u ON n.created_by = u.id
       WHERE n.created_by = ? OR n.assigned_to = ?
       ORDER BY n.created_at DESC PARAMS: [ 2, 2 ]
QUERY Executing: SELECT n.*, u.name as created_by_name, u.rating_sum as creator_rating_sum, u.rating_count as creator_rating_count 
       FROM needs n
       JOIN users u ON n.created_by = u.id
       WHERE n.created_by = ? OR n.assigned_to = ?
       ORDER BY n.created_at DESC PARAMS: [ 2, 2 ]
QUERY SUCCESS, rows count: 2
QUERY SUCCESS, rows count: 2
QUERY Executing: SELECT created_by, assigned_to FROM needs WHERE id = ? PARAMS: [ '1' ]
QUERY SUCCESS, rows count: 1
QUERY Executing: SELECT m.*, u.name as sender_name 
       FROM messages m
       JOIN users u ON m.sender_id = u.id
       WHERE m.need_id = ?
       ORDER BY m.timestamp ASC PARAMS: [ '1' ]
QUERY SUCCESS, rows count: 4
QUERY Executing: SELECT created_by, assigned_to FROM needs WHERE id = ? PARAMS: [ '1' ]
QUERY SUCCESS, rows count: 1
QUERY Executing: SELECT m.*, u.name as sender_name 
       FROM messages m
       JOIN users u ON m.sender_id = u.id
       WHERE m.need_id = ?
       ORDER BY m.timestamp ASC PARAMS: [ '1' ]
QUERY SUCCESS, rows count: 4
QUERY Executing: SELECT created_by, assigned_to FROM needs WHERE id = ? PARAMS: [ '1' ]
QUERY SUCCESS, rows count: 1
QUERY Executing: SELECT m.*, u.name as sender_name 
       FROM messages m
       JOIN users u ON m.sender_id = u.id
       WHERE m.need_id = ?
       ORDER BY m.timestamp ASC PARAMS: [ '1' ]
QUERY SUCCESS, rows count: 4
QUERY Executing: SELECT n.*, u.name as created_by_name, u.rating_sum as creator_rating_sum, u.rating_count as creator_rating_count 
       FROM needs n
       JOIN users u ON n.created_by = u.id
       WHERE n.created_by = ? OR n.assigned_to = ?
       ORDER BY n.created_at DESC PARAMS: [ 2, 2 ]
QUERY Executing: SELECT n.*, u.name as created_by_name, u.rating_sum as creator_rating_sum, u.rating_count as creator_rating_count 
       FROM needs n
       JOIN users u ON n.created_by = u.id
       WHERE n.created_by = ? OR n.assigned_to = ?
       ORDER BY n.created_at DESC PARAMS: [ 2, 2 ]
QUERY SUCCESS, rows count: 2
QUERY SUCCESS, rows count: 2
QUERY Executing: 
      SELECT n.*, u.name as created_by_name, u.rating_sum as creator_rating_sum, u.rating_count as creator_rating_count 
      FROM needs n
      JOIN users u ON n.created_by = u.id
      ORDER BY n.created_at DESC
     PARAMS: []
QUERY Executing: 
      SELECT n.*, u.name as created_by_name, u.rating_sum as creator_rating_sum, u.rating_count as creator_rating_count 
      FROM needs n
      JOIN users u ON n.created_by = u.id
      ORDER BY n.created_at DESC
     PARAMS: []
QUERY SUCCESS, rows count: 2
QUERY SUCCESS, rows count: 2
QUERY Executing: 
      SELECT n.*, u.name as created_by_name, u.rating_sum as creator_rating_sum, u.rating_count as creator_rating_count 
      FROM needs n
      JOIN users u ON n.created_by = u.id
      ORDER BY n.created_at DESC
     PARAMS: []
QUERY SUCCESS, rows count: 2
QUERY Executing: SELECT n.*, u.name as created_by_name, u.rating_sum as creator_rating_sum, u.rating_count as creator_rating_count 
       FROM needs n
       JOIN users u ON n.created_by = u.id
       WHERE n.created_by = ? OR n.assigned_to = ?
       ORDER BY n.created_at DESC PARAMS: [ 2, 2 ]
QUERY Executing: SELECT id, name, email, rating_sum, rating_count, created_at FROM users WHERE id = ? PARAMS: [ 2 ]
QUERY Executing: 
      SELECT n.*, u.name as created_by_name, u.rating_sum as creator_rating_sum, u.rating_count as creator_rating_count 
      FROM needs n
      JOIN users u ON n.created_by = u.id
      ORDER BY n.created_at DESC
     PARAMS: []
QUERY SUCCESS, rows count: 2
QUERY Executing: SELECT n.*, u.name as created_by_name, u.rating_sum as creator_rating_sum, u.rating_count as creator_rating_count 
       FROM needs n
       JOIN users u ON n.created_by = u.id
       WHERE n.created_by = ? OR n.assigned_to = ?
       ORDER BY n.created_at DESC PARAMS: [ 2, 2 ]
QUERY SUCCESS, rows count: 1
QUERY SUCCESS, rows count: 2
QUERY Executing: SELECT id, name, email, rating_sum, rating_count, created_at FROM users WHERE id = ? PARAMS: [ 2 ]
QUERY SUCCESS, rows count: 2
QUERY SUCCESS, rows count: 1
QUERY Executing: 
      SELECT n.*, u.name as created_by_name, u.rating_sum as creator_rating_sum, u.rating_count as creator_rating_count 
      FROM needs n
      JOIN users u ON n.created_by = u.id
      ORDER BY n.created_at DESC
     PARAMS: []
QUERY SUCCESS, rows count: 2
QUERY Executing: SELECT id, name, email, rating_sum, rating_count, created_at FROM users WHERE id = ? PARAMS: [ 2 ]
QUERY SUCCESS, rows count: 1
QUERY Executing: SELECT n.*, u.name as created_by_name, u.rating_sum as creator_rating_sum, u.rating_count as creator_rating_count 
       FROM needs n
       JOIN users u ON n.created_by = u.id
       WHERE n.created_by = ? OR n.assigned_to = ?
       ORDER BY n.created_at DESC PARAMS: [ 2, 2 ]
QUERY SUCCESS, rows count: 2
QUERY Executing: 
      SELECT n.*, u.name as created_by_name, u.rating_sum as creator_rating_sum, u.rating_count as creator_rating_count 
      FROM needs n
      JOIN users u ON n.created_by = u.id
      ORDER BY n.created_at DESC
     PARAMS: []
QUERY Executing: 
      SELECT n.*, u.name as created_by_name, u.rating_sum as creator_rating_sum, u.rating_count as creator_rating_count 
      FROM needs n
      JOIN users u ON n.created_by = u.id
      ORDER BY n.created_at DESC
     PARAMS: []
QUERY SUCCESS, rows count: 2
QUERY SUCCESS, rows count: 2
QUERY Executing: SELECT n.*, u.name as created_by_name, u.rating_sum as creator_rating_sum, u.rating_count as creator_rating_count 
       FROM needs n
       JOIN users u ON n.created_by = u.id
       WHERE n.created_by = ? OR n.assigned_to = ?
       ORDER BY n.created_at DESC PARAMS: [ 2, 2 ]
QUERY Executing: SELECT n.*, u.name as created_by_name, u.rating_sum as creator_rating_sum, u.rating_count as creator_rating_count 
       FROM needs n
       JOIN users u ON n.created_by = u.id
       WHERE n.created_by = ? OR n.assigned_to = ?
       ORDER BY n.created_at DESC PARAMS: [ 2, 2 ]
QUERY SUCCESS, rows count: 2
QUERY SUCCESS, rows count: 2
QUERY Executing: SELECT n.*, u.name as created_by_name, u.rating_sum as creator_rating_sum, u.rating_count as creator_rating_count 
       FROM needs n
       JOIN users u ON n.created_by = u.id
       WHERE n.created_by = ? OR n.assigned_to = ?
       ORDER BY n.created_at DESC PARAMS: [ 2, 2 ]
QUERY Executing: SELECT n.*, u.name as created_by_name, u.rating_sum as creator_rating_sum, u.rating_count as creator_rating_count 
       FROM needs n
       JOIN users u ON n.created_by = u.id
       WHERE n.created_by = ? OR n.assigned_to = ?
       ORDER BY n.created_at DESC PARAMS: [ 2, 2 ]
QUERY SUCCESS, rows count: 2
QUERY SUCCESS, rows count: 2
QUERY Executing: SELECT n.*, u.name as created_by_name, u.rating_sum as creator_rating_sum, u.rating_count as creator_rating_count 
       FROM needs n
       JOIN users u ON n.created_by = u.id
       WHERE n.created_by = ? OR n.assigned_to = ?
       ORDER BY n.created_at DESC PARAMS: [ 2, 2 ]
QUERY Executing: SELECT n.*, u.name as created_by_name, u.rating_sum as creator_rating_sum, u.rating_count as creator_rating_count 
       FROM needs n
       JOIN users u ON n.created_by = u.id
       WHERE n.created_by = ? OR n.assigned_to = ?
       ORDER BY n.created_at DESC PARAMS: [ 2, 2 ]
QUERY SUCCESS, rows count: 2
QUERY SUCCESS, rows count: 2
QUERY Executing: SELECT created_by, assigned_to FROM needs WHERE id = ? PARAMS: [ '1' ]
QUERY SUCCESS, rows count: 1
QUERY Executing: SELECT m.*, u.name as sender_name 
       FROM messages m
       JOIN users u ON m.sender_id = u.id
       WHERE m.need_id = ?
       ORDER BY m.timestamp ASC PARAMS: [ '1' ]
QUERY SUCCESS, rows count: 4
QUERY Executing: 
      SELECT n.*, u.name as created_by_name, u.rating_sum as creator_rating_sum, u.rating_count as creator_rating_count 
      FROM needs n
      JOIN users u ON n.created_by = u.id
      ORDER BY n.created_at DESC
     PARAMS: []
QUERY SUCCESS, rows count: 2
QUERY Executing: SELECT n.*, u.name as created_by_name, u.rating_sum as creator_rating_sum, u.rating_count as creator_rating_count 
       FROM needs n
       JOIN users u ON n.created_by = u.id
       WHERE n.created_by = ? OR n.assigned_to = ?
       ORDER BY n.created_at DESC PARAMS: [ 2, 2 ]
QUERY Executing: 
      SELECT n.*, u.name as created_by_name, u.rating_sum as creator_rating_sum, u.rating_count as creator_rating_count 
      FROM needs n
      JOIN users u ON n.created_by = u.id
      ORDER BY n.created_at DESC
     PARAMS: []
QUERY Executing: SELECT n.*, u.name as created_by_name, u.rating_sum as creator_rating_sum, u.rating_count as creator_rating_count 
       FROM needs n
       JOIN users u ON n.created_by = u.id
       WHERE n.created_by = ? OR n.assigned_to = ?
       ORDER BY n.created_at DESC PARAMS: [ 2, 2 ]
QUERY Executing: SELECT id, name, email, rating_sum, rating_count, created_at FROM users WHERE id = ? PARAMS: [ 2 ]
QUERY SUCCESS, rows count: 2
QUERY SUCCESS, rows count: 2
QUERY SUCCESS, rows count: 2
QUERY Executing: SELECT id, name, email, rating_sum, rating_count, created_at FROM users WHERE id = ? PARAMS: [ 2 ]
QUERY SUCCESS, rows count: 1
QUERY SUCCESS, rows count: 1
QUERY Executing: SELECT n.*, u.name as created_by_name, u.rating_sum as creator_rating_sum, u.rating_count as creator_rating_count 
       FROM needs n
       JOIN users u ON n.created_by = u.id
       WHERE n.created_by = ? OR n.assigned_to = ?
       ORDER BY n.created_at DESC PARAMS: [ 2, 2 ]
QUERY SUCCESS, rows count: 2
QUERY Executing: SELECT n.*, u.name as created_by_name, u.rating_sum as creator_rating_sum, u.rating_count as creator_rating_count 
       FROM needs n
       JOIN users u ON n.created_by = u.id
       WHERE n.created_by = ? OR n.assigned_to = ?
       ORDER BY n.created_at DESC PARAMS: [ 2, 2 ]
QUERY Executing: SELECT n.*, u.name as created_by_name, u.rating_sum as creator_rating_sum, u.rating_count as creator_rating_count 
       FROM needs n
       JOIN users u ON n.created_by = u.id
       WHERE n.created_by = ? OR n.assigned_to = ?
       ORDER BY n.created_at DESC PARAMS: [ 2, 2 ]
QUERY SUCCESS, rows count: 2
QUERY SUCCESS, rows count: 2
QUERY Executing: 
      SELECT n.*, u.name as created_by_name, u.rating_sum as creator_rating_sum, u.rating_count as creator_rating_count 
      FROM needs n
      JOIN users u ON n.created_by = u.id
      ORDER BY n.created_at DESC
     PARAMS: []
QUERY SUCCESS, rows count: 2
QUERY Executing: SELECT n.*, u.name as created_by_name, u.rating_sum as creator_rating_sum, u.rating_count as creator_rating_count 
       FROM needs n
       JOIN users u ON n.created_by = u.id
       WHERE n.created_by = ? OR n.assigned_to = ?
       ORDER BY n.created_at DESC PARAMS: [ 2, 2 ]
QUERY Executing: SELECT id, name, email, rating_sum, rating_count, created_at FROM users WHERE id = ? PARAMS: [ 2 ]
QUERY SUCCESS, rows count: 2
QUERY SUCCESS, rows count: 1
QUERY Executing: SELECT n.*, u.name as created_by_name, u.rating_sum as creator_rating_sum, u.rating_count as creator_rating_count 
       FROM needs n
       JOIN users u ON n.created_by = u.id
       WHERE n.created_by = ? OR n.assigned_to = ?
       ORDER BY n.created_at DESC PARAMS: [ 2, 2 ]
QUERY SUCCESS, rows count: 2
QUERY Executing: SELECT n.*, u.name as created_by_name, u.rating_sum as creator_rating_sum, u.rating_count as creator_rating_count 
       FROM needs n
       JOIN users u ON n.created_by = u.id
       WHERE n.created_by = ? OR n.assigned_to = ?
       ORDER BY n.created_at DESC PARAMS: [ 2, 2 ]
QUERY SUCCESS, rows count: 2
QUERY Executing: SELECT n.*, u.name as created_by_name, u.rating_sum as creator_rating_sum, u.rating_count as creator_rating_count 
       FROM needs n
       JOIN users u ON n.created_by = u.id
       WHERE n.created_by = ? OR n.assigned_to = ?
       ORDER BY n.created_at DESC PARAMS: [ 2, 2 ]
QUERY SUCCESS, rows count: 2
QUERY Executing: SELECT n.*, u.name as created_by_name, u.rating_sum as creator_rating_sum, u.rating_count as creator_rating_count 
       FROM needs n
       JOIN users u ON n.created_by = u.id
       WHERE n.created_by = ? OR n.assigned_to = ?
       ORDER BY n.created_at DESC PARAMS: [ 2, 2 ]
QUERY Executing: SELECT n.*, u.name as created_by_name, u.rating_sum as creator_rating_sum, u.rating_count as creator_rating_count 
       FROM needs n
       JOIN users u ON n.created_by = u.id
       WHERE n.created_by = ? OR n.assigned_to = ?
       ORDER BY n.created_at DESC PARAMS: [ 2, 2 ]
QUERY SUCCESS, rows count: 2
QUERY SUCCESS, rows count: 2
QUERY Executing: SELECT created_by, assigned_to FROM needs WHERE id = ? PARAMS: [ '1' ]
QUERY SUCCESS, rows count: 1
QUERY Executing: SELECT m.*, u.name as sender_name 
       FROM messages m
       JOIN users u ON m.sender_id = u.id
       WHERE m.need_id = ?
       ORDER BY m.timestamp ASC PARAMS: [ '1' ]
QUERY SUCCESS, rows count: 4
QUERY Executing: SELECT created_by, assigned_to FROM needs WHERE id = ? PARAMS: [ '1' ]
QUERY SUCCESS, rows count: 1
QUERY Executing: SELECT m.*, u.name as sender_name 
       FROM messages m
       JOIN users u ON m.sender_id = u.id
       WHERE m.need_id = ?
       ORDER BY m.timestamp ASC PARAMS: [ '1' ]
QUERY SUCCESS, rows count: 4
QUERY Executing: SELECT created_by, assigned_to FROM needs WHERE id = ? PARAMS: [ '1' ]
QUERY SUCCESS, rows count: 1
QUERY Executing: SELECT m.*, u.name as sender_name 
       FROM messages m
       JOIN users u ON m.sender_id = u.id
       WHERE m.need_id = ?
       ORDER BY m.timestamp ASC PARAMS: [ '1' ]
QUERY SUCCESS, rows count: 4
QUERY Executing: SELECT created_by, assigned_to FROM needs WHERE id = ? PARAMS: [ '1' ]
QUERY SUCCESS, rows count: 1
QUERY Executing: SELECT m.*, u.name as sender_name 
       FROM messages m
       JOIN users u ON m.sender_id = u.id
       WHERE m.need_id = ?
       ORDER BY m.timestamp ASC PARAMS: [ '1' ]
QUERY SUCCESS, rows count: 4
QUERY Executing: SELECT created_by, assigned_to FROM needs WHERE id = ? PARAMS: [ '1' ]
QUERY SUCCESS, rows count: 1
QUERY Executing: SELECT m.*, u.name as sender_name 
       FROM messages m
       JOIN users u ON m.sender_id = u.id
       WHERE m.need_id = ?
       ORDER BY m.timestamp ASC PARAMS: [ '1' ]
QUERY SUCCESS, rows count: 4
QUERY Executing: SELECT created_by, assigned_to FROM needs WHERE id = ? PARAMS: [ '1' ]
QUERY SUCCESS, rows count: 1
QUERY Executing: SELECT m.*, u.name as sender_name 
       FROM messages m
       JOIN users u ON m.sender_id = u.id
       WHERE m.need_id = ?
       ORDER BY m.timestamp ASC PARAMS: [ '1' ]
QUERY SUCCESS, rows count: 4
QUERY Executing: SELECT created_by, assigned_to FROM needs WHERE id = ? PARAMS: [ '1' ]
QUERY SUCCESS, rows count: 1
QUERY Executing: SELECT m.*, u.name as sender_name 
       FROM messages m
       JOIN users u ON m.sender_id = u.id
       WHERE m.need_id = ?
       ORDER BY m.timestamp ASC PARAMS: [ '1' ]
QUERY SUCCESS, rows count: 4
QUERY Executing: 
      SELECT n.*, u.name as created_by_name, u.rating_sum as creator_rating_sum, u.rating_count as creator_rating_count 
      FROM needs n
      JOIN users u ON n.created_by = u.id
      ORDER BY n.created_at DESC
     PARAMS: []
QUERY SUCCESS, rows count: 2
QUERY Executing: SELECT id, name, email, rating_sum, rating_count, created_at FROM users WHERE id = ? PARAMS: [ 2 ]
QUERY Executing: SELECT n.*, u.name as created_by_name, u.rating_sum as creator_rating_sum, u.rating_count as creator_rating_count 
       FROM needs n
       JOIN users u ON n.created_by = u.id
       WHERE n.created_by = ? OR n.assigned_to = ?
       ORDER BY n.created_at DESC PARAMS: [ 2, 2 ]
QUERY Executing: 
      SELECT n.*, u.name as created_by_name, u.rating_sum as creator_rating_sum, u.rating_count as creator_rating_count 
      FROM needs n
      JOIN users u ON n.created_by = u.id
      ORDER BY n.created_at DESC
     PARAMS: []
QUERY SUCCESS, rows count: 1
QUERY SUCCESS, rows count: 2
QUERY SUCCESS, rows count: 2
QUERY Executing: SELECT id, name, email, rating_sum, rating_count, created_at FROM users WHERE id = ? PARAMS: [ 2 ]
QUERY Executing: SELECT n.*, u.name as created_by_name, u.rating_sum as creator_rating_sum, u.rating_count as creator_rating_count 
       FROM needs n
       JOIN users u ON n.created_by = u.id
       WHERE n.created_by = ? OR n.assigned_to = ?
       ORDER BY n.created_at DESC PARAMS: [ 2, 2 ]
QUERY SUCCESS, rows count: 1
QUERY SUCCESS, rows count: 2
QUERY Executing: 
      SELECT n.*, u.name as created_by_name, u.rating_sum as creator_rating_sum, u.rating_count as creator_rating_count 
      FROM needs n
      JOIN users u ON n.created_by = u.id
      ORDER BY n.created_at DESC
     PARAMS: []
QUERY Executing: 
      SELECT n.*, u.name as created_by_name, u.rating_sum as creator_rating_sum, u.rating_count as creator_rating_count 
      FROM needs n
      JOIN users u ON n.created_by = u.id
      ORDER BY n.created_at DESC
     PARAMS: []
QUERY SUCCESS, rows count: 2
QUERY SUCCESS, rows count: 2
QUERY Executing: SELECT n.*, u.name as created_by_name, u.rating_sum as creator_rating_sum, u.rating_count as creator_rating_count 
       FROM needs n
       JOIN users u ON n.created_by = u.id
       WHERE n.created_by = ? OR n.assigned_to = ?
       ORDER BY n.created_at DESC PARAMS: [ 2, 2 ]
QUERY Executing: SELECT n.*, u.name as created_by_name, u.rating_sum as creator_rating_sum, u.rating_count as creator_rating_count 
       FROM needs n
       JOIN users u ON n.created_by = u.id
       WHERE n.created_by = ? OR n.assigned_to = ?
       ORDER BY n.created_at DESC PARAMS: [ 2, 2 ]
QUERY SUCCESS, rows count: 2
QUERY SUCCESS, rows count: 2
QUERY Executing: SELECT status, created_by, assigned_to FROM needs WHERE id = ? PARAMS: [ '1' ]
QUERY SUCCESS, rows count: 1
QUERY Executing: UPDATE users SET rating_sum = rating_sum + ?, rating_count = rating_count + 1 WHERE id = ? PARAMS: [ 5, 7 ]
QUERY SUCCESS, rows count: 0
QUERY Executing: SELECT n.*, u.name as created_by_name, u.rating_sum as creator_rating_sum, u.rating_count as creator_rating_count 
       FROM needs n
       JOIN users u ON n.created_by = u.id
       WHERE n.created_by = ? OR n.assigned_to = ?
       ORDER BY n.created_at DESC PARAMS: [ 2, 2 ]
QUERY Executing: SELECT n.*, u.name as created_by_name, u.rating_sum as creator_rating_sum, u.rating_count as creator_rating_count 
       FROM needs n
       JOIN users u ON n.created_by = u.id
       WHERE n.created_by = ? OR n.assigned_to = ?
       ORDER BY n.created_at DESC PARAMS: [ 2, 2 ]
QUERY SUCCESS, rows count: 2
QUERY SUCCESS, rows count: 2
QUERY Executing: SELECT n.*, u.name as created_by_name, u.rating_sum as creator_rating_sum, u.rating_count as creator_rating_count 
       FROM needs n
       JOIN users u ON n.created_by = u.id
       WHERE n.created_by = ? OR n.assigned_to = ?
       ORDER BY n.created_at DESC PARAMS: [ 2, 2 ]
QUERY Executing: SELECT n.*, u.name as created_by_name, u.rating_sum as creator_rating_sum, u.rating_count as creator_rating_count 
       FROM needs n
       JOIN users u ON n.created_by = u.id
       WHERE n.created_by = ? OR n.assigned_to = ?
       ORDER BY n.created_at DESC PARAMS: [ 2, 2 ]
QUERY SUCCESS, rows count: 2
QUERY SUCCESS, rows count: 2
QUERY Executing: SELECT created_by, assigned_to FROM needs WHERE id = ? PARAMS: [ '1' ]
QUERY SUCCESS, rows count: 1
QUERY Executing: SELECT m.*, u.name as sender_name 
       FROM messages m
       JOIN users u ON m.sender_id = u.id
       WHERE m.need_id = ?
       ORDER BY m.timestamp ASC PARAMS: [ '1' ]
QUERY SUCCESS, rows count: 4
QUERY Executing: SELECT created_by, assigned_to FROM needs WHERE id = ? PARAMS: [ '1' ]
QUERY SUCCESS, rows count: 1
QUERY Executing: SELECT m.*, u.name as sender_name 
       FROM messages m
       JOIN users u ON m.sender_id = u.id
       WHERE m.need_id = ?
       ORDER BY m.timestamp ASC PARAMS: [ '1' ]
QUERY SUCCESS, rows count: 4
QUERY Executing: INSERT INTO needs (title, description, category, reward, created_by, deadline)
       VALUES (?, ?, ?, ?, ?, ?) RETURNING * PARAMS: [
  'need a cape charger for 1hr',
  'I forgot to bring my battery is about to die',
  'task',
  20,
  2,
  null
]
QUERY SUCCESS, rows count: 1
QUERY Executing: 
      SELECT n.*, u.name as created_by_name, u.rating_sum as creator_rating_sum, u.rating_count as creator_rating_count 
      FROM needs n
      JOIN users u ON n.created_by = u.id
      ORDER BY n.created_at DESC
     PARAMS: []
QUERY SUCCESS, rows count: 3
QUERY Executing: SELECT id, name, email, rating_sum, rating_count, created_at FROM users WHERE id = ? PARAMS: [ 2 ]
QUERY Executing: SELECT n.*, u.name as created_by_name, u.rating_sum as creator_rating_sum, u.rating_count as creator_rating_count 
       FROM needs n
       JOIN users u ON n.created_by = u.id
       WHERE n.created_by = ? OR n.assigned_to = ?
       ORDER BY n.created_at DESC PARAMS: [ 2, 2 ]
QUERY Executing: SELECT id, name, email, rating_sum, rating_count, created_at FROM users WHERE id = ? PARAMS: [ 2 ]
QUERY SUCCESS, rows count: 1
QUERY Executing: SELECT n.*, u.name as created_by_name, u.rating_sum as creator_rating_sum, u.rating_count as creator_rating_count 
       FROM needs n
       JOIN users u ON n.created_by = u.id
       WHERE n.created_by = ? OR n.assigned_to = ?
       ORDER BY n.created_at DESC PARAMS: [ 2, 2 ]
QUERY SUCCESS, rows count: 3
QUERY SUCCESS, rows count: 1
QUERY SUCCESS, rows count: 3
QUERY Executing: 
      SELECT n.*, u.name as created_by_name, u.rating_sum as creator_rating_sum, u.rating_count as creator_rating_count 
      FROM needs n
      JOIN users u ON n.created_by = u.id
      ORDER BY n.created_at DESC
     PARAMS: []
QUERY Executing: 
      SELECT n.*, u.name as created_by_name, u.rating_sum as creator_rating_sum, u.rating_count as creator_rating_count 
      FROM needs n
      JOIN users u ON n.created_by = u.id
      ORDER BY n.created_at DESC
     PARAMS: []
QUERY SUCCESS, rows count: 3
QUERY SUCCESS, rows count: 3
QUERY Executing: SELECT n.*, u.name as created_by_name, u.rating_sum as creator_rating_sum, u.rating_count as creator_rating_count 
       FROM needs n
       JOIN users u ON n.created_by = u.id
       WHERE n.created_by = ? OR n.assigned_to = ?
       ORDER BY n.created_at DESC PARAMS: [ 2, 2 ]
QUERY Executing: SELECT n.*, u.name as created_by_name, u.rating_sum as creator_rating_sum, u.rating_count as creator_rating_count 
       FROM needs n
       JOIN users u ON n.created_by = u.id
       WHERE n.created_by = ? OR n.assigned_to = ?
       ORDER BY n.created_at DESC PARAMS: [ 2, 2 ]
QUERY SUCCESS, rows count: 3
QUERY SUCCESS, rows count: 3
QUERY Executing: SELECT n.*, u.name as created_by_name, u.rating_sum as creator_rating_sum, u.rating_count as creator_rating_count 
       FROM needs n
       JOIN users u ON n.created_by = u.id
       WHERE n.created_by = ? OR n.assigned_to = ?
       ORDER BY n.created_at DESC PARAMS: [ 2, 2 ]
QUERY Executing: SELECT n.*, u.name as created_by_name, u.rating_sum as creator_rating_sum, u.rating_count as creator_rating_count 
       FROM needs n
       JOIN users u ON n.created_by = u.id
       WHERE n.created_by = ? OR n.assigned_to = ?
       ORDER BY n.created_at DESC PARAMS: [ 2, 2 ]
QUERY SUCCESS, rows count: 3
QUERY SUCCESS, rows count: 3
QUERY Executing: 
      SELECT n.*, u.name as created_by_name, u.rating_sum as creator_rating_sum, u.rating_count as creator_rating_count 
      FROM needs n
      JOIN users u ON n.created_by = u.id
      ORDER BY n.created_at DESC
     PARAMS: []
QUERY Executing: 
      SELECT n.*, u.name as created_by_name, u.rating_sum as creator_rating_sum, u.rating_count as creator_rating_count 
      FROM needs n
      JOIN users u ON n.created_by = u.id
      ORDER BY n.created_at DESC
     PARAMS: []
QUERY SUCCESS, rows count: 3
QUERY SUCCESS, rows count: 3
QUERY Executing: SELECT n.*, u.name as created_by_name, u.rating_sum as creator_rating_sum, u.rating_count as creator_rating_count 
       FROM needs n
       JOIN users u ON n.created_by = u.id
       WHERE n.created_by = ? OR n.assigned_to = ?
       ORDER BY n.created_at DESC PARAMS: [ 2, 2 ]
QUERY Executing: SELECT n.*, u.name as created_by_name, u.rating_sum as creator_rating_sum, u.rating_count as creator_rating_count 
       FROM needs n
       JOIN users u ON n.created_by = u.id
       WHERE n.created_by = ? OR n.assigned_to = ?
       ORDER BY n.created_at DESC PARAMS: [ 2, 2 ]
QUERY SUCCESS, rows count: 3
QUERY SUCCESS, rows count: 3
QUERY Executing: SELECT n.*, u.name as created_by_name, u.rating_sum as creator_rating_sum, u.rating_count as creator_rating_count 
       FROM needs n
       JOIN users u ON n.created_by = u.id
       WHERE n.created_by = ? OR n.assigned_to = ?
       ORDER BY n.created_at DESC PARAMS: [ 2, 2 ]
QUERY Executing: SELECT n.*, u.name as created_by_name, u.rating_sum as creator_rating_sum, u.rating_count as creator_rating_count 
       FROM needs n
       JOIN users u ON n.created_by = u.id
       WHERE n.created_by = ? OR n.assigned_to = ?
       ORDER BY n.created_at DESC PARAMS: [ 2, 2 ]
QUERY SUCCESS, rows count: 3
QUERY SUCCESS, rows count: 3
QUERY Executing: SELECT * FROM users WHERE email = ? PARAMS: [ '24mcaa54@kristujayanti.com' ]
QUERY SUCCESS, rows count: 1
QUERY Executing: 
      SELECT n.*, u.name as created_by_name, u.rating_sum as creator_rating_sum, u.rating_count as creator_rating_count 
      FROM needs n
      JOIN users u ON n.created_by = u.id
      ORDER BY n.created_at DESC
     PARAMS: []
QUERY Executing: 
      SELECT n.*, u.name as created_by_name, u.rating_sum as creator_rating_sum, u.rating_count as creator_rating_count 
      FROM needs n
      JOIN users u ON n.created_by = u.id
      ORDER BY n.created_at DESC
     PARAMS: []
QUERY SUCCESS, rows count: 3
QUERY SUCCESS, rows count: 3
QUERY Executing: SELECT id, name, email, rating_sum, rating_count, created_at FROM users WHERE id = ? PARAMS: [ 7 ]
QUERY SUCCESS, rows count: 1
QUERY Executing: SELECT n.*, u.name as created_by_name, u.rating_sum as creator_rating_sum, u.rating_count as creator_rating_count 
       FROM needs n
       JOIN users u ON n.created_by = u.id
       WHERE n.created_by = ? OR n.assigned_to = ?
       ORDER BY n.created_at DESC PARAMS: [ 7, 7 ]
QUERY SUCCESS, rows count: 1
QUERY Executing: 
      SELECT n.*, u.name as created_by_name, u.rating_sum as creator_rating_sum, u.rating_count as creator_rating_count 
      FROM needs n
      JOIN users u ON n.created_by = u.id
      ORDER BY n.created_at DESC
     PARAMS: []
QUERY Executing: 
      SELECT n.*, u.name as created_by_name, u.rating_sum as creator_rating_sum, u.rating_count as creator_rating_count 
      FROM needs n
      JOIN users u ON n.created_by = u.id
      ORDER BY n.created_at DESC
     PARAMS: []
QUERY SUCCESS, rows count: 3
QUERY SUCCESS, rows count: 3
QUERY Executing: 
        SELECT n.*, u.name as created_by_name, u.rating_sum as creator_rating_sum, u.rating_count as creator_rating_count 
        FROM needs n
        JOIN users u ON n.created_by = u.id
        WHERE n.category = ?
        ORDER BY n.created_at DESC
       PARAMS: [ 'tasks' ]
QUERY SUCCESS, rows count: 0
QUERY Executing: 
        SELECT n.*, u.name as created_by_name, u.rating_sum as creator_rating_sum, u.rating_count as creator_rating_count 
        FROM needs n
        JOIN users u ON n.created_by = u.id
        WHERE n.category = ?
        ORDER BY n.created_at DESC
       PARAMS: [ 'stays' ]
QUERY SUCCESS, rows count: 0
QUERY Executing: 
        SELECT n.*, u.name as created_by_name, u.rating_sum as creator_rating_sum, u.rating_count as creator_rating_count 
        FROM needs n
        JOIN users u ON n.created_by = u.id
        WHERE n.category = ?
        ORDER BY n.created_at DESC
       PARAMS: [ 'tasks' ]
QUERY SUCCESS, rows count: 0
QUERY Executing: 
      SELECT n.*, u.name as created_by_name, u.rating_sum as creator_rating_sum, u.rating_count as creator_rating_count 
      FROM needs n
      JOIN users u ON n.created_by = u.id
      ORDER BY n.created_at DESC
     PARAMS: []
QUERY SUCCESS, rows count: 3
QUERY Executing: 
        SELECT n.*, u.name as created_by_name, u.rating_sum as creator_rating_sum, u.rating_count as creator_rating_count 
        FROM needs n
        JOIN users u ON n.created_by = u.id
        WHERE n.category = ?
        ORDER BY n.created_at DESC
       PARAMS: [ 'stays' ]
QUERY SUCCESS, rows count: 0
QUERY Executing: SELECT n.*, u.name as created_by_name, u.rating_sum as creator_rating_sum, u.rating_count as creator_rating_count 
       FROM needs n
       JOIN users u ON n.created_by = u.id
       WHERE n.created_by = ? OR n.assigned_to = ?
       ORDER BY n.created_at DESC PARAMS: [ 7, 7 ]
QUERY Executing: SELECT n.*, u.name as created_by_name, u.rating_sum as creator_rating_sum, u.rating_count as creator_rating_count 
       FROM needs n
       JOIN users u ON n.created_by = u.id
       WHERE n.created_by = ? OR n.assigned_to = ?
       ORDER BY n.created_at DESC PARAMS: [ 7, 7 ]
QUERY SUCCESS, rows count: 1
QUERY SUCCESS, rows count: 1
QUERY Executing: 
      SELECT n.*, u.name as created_by_name, u.rating_sum as creator_rating_sum, u.rating_count as creator_rating_count 
      FROM needs n
      JOIN users u ON n.created_by = u.id
      ORDER BY n.created_at DESC
     PARAMS: []
QUERY Executing: 
      SELECT n.*, u.name as created_by_name, u.rating_sum as creator_rating_sum, u.rating_count as creator_rating_count 
      FROM needs n
      JOIN users u ON n.created_by = u.id
      ORDER BY n.created_at DESC
     PARAMS: []
QUERY SUCCESS, rows count: 3
QUERY SUCCESS, rows count: 3
QUERY Executing: 
        SELECT n.*, u.name as created_by_name, u.rating_sum as creator_rating_sum, u.rating_count as creator_rating_count 
        FROM needs n
        JOIN users u ON n.created_by = u.id
        WHERE n.category = ?
        ORDER BY n.created_at DESC
       PARAMS: [ 'stay' ]
QUERY SUCCESS, rows count: 1
QUERY Executing: 
      SELECT n.*, u.name as created_by_name, u.rating_sum as creator_rating_sum, u.rating_count as creator_rating_count 
      FROM needs n
      JOIN users u ON n.created_by = u.id
      ORDER BY n.created_at DESC
     PARAMS: []
QUERY SUCCESS, rows count: 3
QUERY Executing: SELECT n.*, u.name as created_by_name, u.rating_sum as creator_rating_sum, u.rating_count as creator_rating_count 
       FROM needs n
       JOIN users u ON n.created_by = u.id
       WHERE n.created_by = ? OR n.assigned_to = ?
       ORDER BY n.created_at DESC PARAMS: [ 7, 7 ]
QUERY Executing: SELECT n.*, u.name as created_by_name, u.rating_sum as creator_rating_sum, u.rating_count as creator_rating_count 
       FROM needs n
       JOIN users u ON n.created_by = u.id
       WHERE n.created_by = ? OR n.assigned_to = ?
       ORDER BY n.created_at DESC PARAMS: [ 7, 7 ]
QUERY SUCCESS, rows count: 1
QUERY SUCCESS, rows count: 1
QUERY Executing: SELECT n.*, u.name as created_by_name, u.rating_sum as creator_rating_sum, u.rating_count as creator_rating_count 
       FROM needs n
       JOIN users u ON n.created_by = u.id
       WHERE n.created_by = ? OR n.assigned_to = ?
       ORDER BY n.created_at DESC PARAMS: [ 7, 7 ]
QUERY Executing: SELECT n.*, u.name as created_by_name, u.rating_sum as creator_rating_sum, u.rating_count as creator_rating_count 
       FROM needs n
       JOIN users u ON n.created_by = u.id
       WHERE n.created_by = ? OR n.assigned_to = ?
       ORDER BY n.created_at DESC PARAMS: [ 7, 7 ]
QUERY SUCCESS, rows count: 1
QUERY SUCCESS, rows count: 1
QUERY Executing: SELECT status, created_by, assigned_to FROM needs WHERE id = ? PARAMS: [ '1' ]
QUERY SUCCESS, rows count: 1
QUERY Executing: UPDATE users SET rating_sum = rating_sum + ?, rating_count = rating_count + 1 WHERE id = ? PARAMS: [ 5, 2 ]
QUERY SUCCESS, rows count: 0
QUERY Executing: 
      SELECT n.*, u.name as created_by_name, u.rating_sum as creator_rating_sum, u.rating_count as creator_rating_count 
      FROM needs n
      JOIN users u ON n.created_by = u.id
      ORDER BY n.created_at DESC
     PARAMS: []
QUERY Executing: 
      SELECT n.*, u.name as created_by_name, u.rating_sum as creator_rating_sum, u.rating_count as creator_rating_count 
      FROM needs n
      JOIN users u ON n.created_by = u.id
      ORDER BY n.created_at DESC
     PARAMS: []
QUERY SUCCESS, rows count: 3
QUERY SUCCESS, rows count: 3
QUERY Executing: 
      SELECT n.*, u.name as created_by_name, u.rating_sum as creator_rating_sum, u.rating_count as creator_rating_count 
      FROM needs n
      JOIN users u ON n.created_by = u.id
      ORDER BY n.created_at DESC
     PARAMS: []
QUERY SUCCESS, rows count: 3
QUERY Executing: SELECT id, name, email, rating_sum, rating_count, created_at FROM users WHERE id = ? PARAMS: [ 7 ]
QUERY Executing: 
      SELECT n.*, u.name as created_by_name, u.rating_sum as creator_rating_sum, u.rating_count as creator_rating_count 
      FROM needs n
      JOIN users u ON n.created_by = u.id
      ORDER BY n.created_at DESC
     PARAMS: []
QUERY SUCCESS, rows count: 1
QUERY SUCCESS, rows count: 3
QUERY Executing: SELECT id, name, email, rating_sum, rating_count, created_at FROM users WHERE id = ? PARAMS: [ 7 ]
QUERY SUCCESS, rows count: 1
QUERY Executing: SELECT n.*, u.name as created_by_name, u.rating_sum as creator_rating_sum, u.rating_count as creator_rating_count 
       FROM needs n
       JOIN users u ON n.created_by = u.id
       WHERE n.created_by = ? OR n.assigned_to = ?
       ORDER BY n.created_at DESC PARAMS: [ 7, 7 ]
QUERY SUCCESS, rows count: 1
QUERY Executing: SELECT n.*, u.name as created_by_name, u.rating_sum as creator_rating_sum, u.rating_count as creator_rating_count 
       FROM needs n
       JOIN users u ON n.created_by = u.id
       WHERE n.created_by = ? OR n.assigned_to = ?
       ORDER BY n.created_at DESC PARAMS: [ 7, 7 ]
QUERY SUCCESS, rows count: 1
QUERY Executing: 
      SELECT n.*, u.name as created_by_name, u.rating_sum as creator_rating_sum, u.rating_count as creator_rating_count 
      FROM needs n
      JOIN users u ON n.created_by = u.id
      ORDER BY n.created_at DESC
     PARAMS: []
QUERY SUCCESS, rows count: 3
QUERY Executing: SELECT id, name, email, rating_sum, rating_count, created_at FROM users WHERE id = ? PARAMS: [ 7 ]
QUERY SUCCESS, rows count: 1
QUERY Executing: SELECT n.*, u.name as created_by_name, u.rating_sum as creator_rating_sum, u.rating_count as creator_rating_count 
       FROM needs n
       JOIN users u ON n.created_by = u.id
       WHERE n.created_by = ? OR n.assigned_to = ?
       ORDER BY n.created_at DESC PARAMS: [ 7, 7 ]
QUERY SUCCESS, rows count: 1
QUERY Executing: SELECT id, name, email, rating_sum, rating_count, created_at FROM users WHERE id = ? PARAMS: [ 7 ]
QUERY Executing: 
      SELECT n.*, u.name as created_by_name, u.rating_sum as creator_rating_sum, u.rating_count as creator_rating_count 
      FROM needs n
      JOIN users u ON n.created_by = u.id
      ORDER BY n.created_at DESC
     PARAMS: []
QUERY SUCCESS, rows count: 1
QUERY SUCCESS, rows count: 3
QUERY Executing: SELECT n.*, u.name as created_by_name, u.rating_sum as creator_rating_sum, u.rating_count as creator_rating_count 
       FROM needs n
       JOIN users u ON n.created_by = u.id
       WHERE n.created_by = ? OR n.assigned_to = ?
       ORDER BY n.created_at DESC PARAMS: [ 7, 7 ]
QUERY SUCCESS, rows count: 1
QUERY Executing: 
      SELECT n.*, u.name as created_by_name, u.rating_sum as creator_rating_sum, u.rating_count as creator_rating_count 
      FROM needs n
      JOIN users u ON n.created_by = u.id
      ORDER BY n.created_at DESC
     PARAMS: []
QUERY Executing: 
      SELECT n.*, u.name as created_by_name, u.rating_sum as creator_rating_sum, u.rating_count as creator_rating_count 
      FROM needs n
      JOIN users u ON n.created_by = u.id
      ORDER BY n.created_at DESC
     PARAMS: []
QUERY SUCCESS, rows count: 3
QUERY SUCCESS, rows count: 3
QUERY Executing: SELECT n.*, u.name as created_by_name, u.rating_sum as creator_rating_sum, u.rating_count as creator_rating_count 
       FROM needs n
       JOIN users u ON n.created_by = u.id
       WHERE n.created_by = ? OR n.assigned_to = ?
       ORDER BY n.created_at DESC PARAMS: [ 7, 7 ]
QUERY Executing: SELECT n.*, u.name as created_by_name, u.rating_sum as creator_rating_sum, u.rating_count as creator_rating_count 
       FROM needs n
       JOIN users u ON n.created_by = u.id
       WHERE n.created_by = ? OR n.assigned_to = ?
       ORDER BY n.created_at DESC PARAMS: [ 7, 7 ]
QUERY SUCCESS, rows count: 1
QUERY SUCCESS, rows count: 1
QUERY Executing: SELECT status, created_by, assigned_to FROM needs WHERE id = ? PARAMS: [ '1' ]
QUERY SUCCESS, rows count: 1
QUERY Executing: UPDATE users SET rating_sum = rating_sum + ?, rating_count = rating_count + 1 WHERE id = ? PARAMS: [ 5, 2 ]
QUERY SUCCESS, rows count: 0
QUERY Executing: SELECT n.*, u.name as created_by_name, u.rating_sum as creator_rating_sum, u.rating_count as creator_rating_count 
       FROM needs n
       JOIN users u ON n.created_by = u.id
       WHERE n.created_by = ? OR n.assigned_to = ?
       ORDER BY n.created_at DESC PARAMS: [ 7, 7 ]
QUERY Executing: SELECT n.*, u.name as created_by_name, u.rating_sum as creator_rating_sum, u.rating_count as creator_rating_count 
       FROM needs n
       JOIN users u ON n.created_by = u.id
       WHERE n.created_by = ? OR n.assigned_to = ?
       ORDER BY n.created_at DESC PARAMS: [ 7, 7 ]
QUERY SUCCESS, rows count: 1
QUERY SUCCESS, rows count: 1
QUERY Executing: SELECT created_by, assigned_to FROM needs WHERE id = ? PARAMS: [ '1' ]
QUERY SUCCESS, rows count: 1
QUERY Executing: SELECT m.*, u.name as sender_name 
       FROM messages m
       JOIN users u ON m.sender_id = u.id
       WHERE m.need_id = ?
       ORDER BY m.timestamp ASC PARAMS: [ '1' ]
QUERY SUCCESS, rows count: 4
QUERY Executing: SELECT created_by, assigned_to FROM needs WHERE id = ? PARAMS: [ '1' ]
QUERY SUCCESS, rows count: 1
QUERY Executing: SELECT m.*, u.name as sender_name 
       FROM messages m
       JOIN users u ON m.sender_id = u.id
       WHERE m.need_id = ?
       ORDER BY m.timestamp ASC PARAMS: [ '1' ]
QUERY SUCCESS, rows count: 4
QUERY Executing: SELECT created_by, assigned_to FROM needs WHERE id = ? PARAMS: [ '1' ]
QUERY SUCCESS, rows count: 1
QUERY Executing: SELECT m.*, u.name as sender_name 
       FROM messages m
       JOIN users u ON m.sender_id = u.id
       WHERE m.need_id = ?
       ORDER BY m.timestamp ASC PARAMS: [ '1' ]
QUERY SUCCESS, rows count: 4
QUERY Executing: SELECT created_by, assigned_to FROM needs WHERE id = ? PARAMS: [ '1' ]
QUERY SUCCESS, rows count: 1
QUERY Executing: SELECT m.*, u.name as sender_name 
       FROM messages m
       JOIN users u ON m.sender_id = u.id
       WHERE m.need_id = ?
       ORDER BY m.timestamp ASC PARAMS: [ '1' ]
QUERY SUCCESS, rows count: 4
QUERY Executing: SELECT created_by, assigned_to FROM needs WHERE id = ? PARAMS: [ '1' ]
QUERY SUCCESS, rows count: 1
QUERY Executing: SELECT m.*, u.name as sender_name 
       FROM messages m
       JOIN users u ON m.sender_id = u.id
       WHERE m.need_id = ?
       ORDER BY m.timestamp ASC PARAMS: [ '1' ]
QUERY SUCCESS, rows count: 4
QUERY Executing: SELECT created_by, assigned_to FROM needs WHERE id = ? PARAMS: [ '1' ]
QUERY SUCCESS, rows count: 1
QUERY Executing: SELECT m.*, u.name as sender_name 
       FROM messages m
       JOIN users u ON m.sender_id = u.id
       WHERE m.need_id = ?
       ORDER BY m.timestamp ASC PARAMS: [ '1' ]
QUERY SUCCESS, rows count: 4
QUERY Executing: SELECT created_by, assigned_to FROM needs WHERE id = ? PARAMS: [ '1' ]
QUERY SUCCESS, rows count: 1
QUERY Executing: SELECT m.*, u.name as sender_name 
       FROM messages m
       JOIN users u ON m.sender_id = u.id
       WHERE m.need_id = ?
       ORDER BY m.timestamp ASC PARAMS: [ '1' ]
QUERY SUCCESS, rows count: 4
QUERY Executing: SELECT created_by, assigned_to FROM needs WHERE id = ? PARAMS: [ '1' ]
QUERY SUCCESS, rows count: 1
QUERY Executing: SELECT m.*, u.name as sender_name 
       FROM messages m
       JOIN users u ON m.sender_id = u.id
       WHERE m.need_id = ?
       ORDER BY m.timestamp ASC PARAMS: [ '1' ]
QUERY SUCCESS, rows count: 4
QUERY Executing: SELECT created_by, assigned_to FROM needs WHERE id = ? PARAMS: [ '1' ]
QUERY SUCCESS, rows count: 1
QUERY Executing: SELECT m.*, u.name as sender_name 
       FROM messages m
       JOIN users u ON m.sender_id = u.id
       WHERE m.need_id = ?
       ORDER BY m.timestamp ASC PARAMS: [ '1' ]
QUERY SUCCESS, rows count: 4
QUERY Executing: SELECT created_by, assigned_to FROM needs WHERE id = ? PARAMS: [ '1' ]
QUERY SUCCESS, rows count: 1
QUERY Executing: SELECT m.*, u.name as sender_name 
       FROM messages m
       JOIN users u ON m.sender_id = u.id
       WHERE m.need_id = ?
       ORDER BY m.timestamp ASC PARAMS: [ '1' ]
QUERY SUCCESS, rows count: 4
QUERY Executing: SELECT created_by, assigned_to FROM needs WHERE id = ? PARAMS: [ '1' ]
QUERY SUCCESS, rows count: 1
QUERY Executing: SELECT m.*, u.name as sender_name 
       FROM messages m
       JOIN users u ON m.sender_id = u.id
       WHERE m.need_id = ?
       ORDER BY m.timestamp ASC PARAMS: [ '1' ]
QUERY SUCCESS, rows count: 4
QUERY Executing: SELECT created_by, assigned_to FROM needs WHERE id = ? PARAMS: [ '1' ]
QUERY SUCCESS, rows count: 1
QUERY Executing: SELECT m.*, u.name as sender_name 
       FROM messages m
       JOIN users u ON m.sender_id = u.id
       WHERE m.need_id = ?
       ORDER BY m.timestamp ASC PARAMS: [ '1' ]
QUERY SUCCESS, rows count: 4
QUERY Executing: 
      SELECT n.*, u.name as created_by_name, u.rating_sum as creator_rating_sum, u.rating_count as creator_rating_count 
      FROM needs n
      JOIN users u ON n.created_by = u.id
      ORDER BY n.created_at DESC
     PARAMS: []
QUERY SUCCESS, rows count: 3
QUERY Executing: SELECT id, name, email, rating_sum, rating_count, created_at FROM users WHERE id = ? PARAMS: [ 7 ]
QUERY Executing: SELECT n.*, u.name as created_by_name, u.rating_sum as creator_rating_sum, u.rating_count as creator_rating_count 
       FROM needs n
       JOIN users u ON n.created_by = u.id
       WHERE n.created_by = ? OR n.assigned_to = ?
       ORDER BY n.created_at DESC PARAMS: [ 7, 7 ]
QUERY SUCCESS, rows count: 1
QUERY Executing: 
      SELECT n.*, u.name as created_by_name, u.rating_sum as creator_rating_sum, u.rating_count as creator_rating_count 
      FROM needs n
      JOIN users u ON n.created_by = u.id
      ORDER BY n.created_at DESC
     PARAMS: []
QUERY SUCCESS, rows count: 1
QUERY SUCCESS, rows count: 3
QUERY Executing: SELECT id, name, email, rating_sum, rating_count, created_at FROM users WHERE id = ? PARAMS: [ 7 ]
QUERY SUCCESS, rows count: 1
QUERY Executing: SELECT n.*, u.name as created_by_name, u.rating_sum as creator_rating_sum, u.rating_count as creator_rating_count 
       FROM needs n
       JOIN users u ON n.created_by = u.id
       WHERE n.created_by = ? OR n.assigned_to = ?
       ORDER BY n.created_at DESC PARAMS: [ 7, 7 ]
QUERY SUCCESS, rows count: 1
QUERY Executing: 
      SELECT n.*, u.name as created_by_name, u.rating_sum as creator_rating_sum, u.rating_count as creator_rating_count 
      FROM needs n
      JOIN users u ON n.created_by = u.id
      ORDER BY n.created_at DESC
     PARAMS: []
QUERY Executing: 
      SELECT n.*, u.name as created_by_name, u.rating_sum as creator_rating_sum, u.rating_count as creator_rating_count 
      FROM needs n
      JOIN users u ON n.created_by = u.id
      ORDER BY n.created_at DESC
     PARAMS: []
QUERY SUCCESS, rows count: 3
QUERY SUCCESS, rows count: 3
QUERY Executing: SELECT status, created_by FROM needs WHERE id = ? PARAMS: [ '6' ]
QUERY SUCCESS, rows count: 1
QUERY Executing: UPDATE needs 
       SET status = 'in-progress', assigned_to = ? 
       WHERE id = ? RETURNING * PARAMS: [ 7, '6' ]
QUERY SUCCESS, rows count: 1
QUERY Executing: 
      SELECT n.*, u.name as created_by_name, u.rating_sum as creator_rating_sum, u.rating_count as creator_rating_count 
      FROM needs n
      JOIN users u ON n.created_by = u.id
      ORDER BY n.created_at DESC
     PARAMS: []
QUERY SUCCESS, rows count: 3
QUERY Executing: SELECT n.*, u.name as created_by_name, u.rating_sum as creator_rating_sum, u.rating_count as creator_rating_count 
       FROM needs n
       JOIN users u ON n.created_by = u.id
       WHERE n.created_by = ? OR n.assigned_to = ?
       ORDER BY n.created_at DESC PARAMS: [ 7, 7 ]
QUERY SUCCESS, rows count: 2
QUERY Executing: SELECT n.*, u.name as created_by_name, u.rating_sum as creator_rating_sum, u.rating_count as creator_rating_count 
       FROM needs n
       JOIN users u ON n.created_by = u.id
       WHERE n.created_by = ? OR n.assigned_to = ?
       ORDER BY n.created_at DESC PARAMS: [ 7, 7 ]
QUERY SUCCESS, rows count: 2
QUERY Executing: SELECT n.*, u.name as created_by_name, u.rating_sum as creator_rating_sum, u.rating_count as creator_rating_count 
       FROM needs n
       JOIN users u ON n.created_by = u.id
       WHERE n.created_by = ? OR n.assigned_to = ?
       ORDER BY n.created_at DESC PARAMS: [ 7, 7 ]
QUERY Executing: SELECT n.*, u.name as created_by_name, u.rating_sum as creator_rating_sum, u.rating_count as creator_rating_count 
       FROM needs n
       JOIN users u ON n.created_by = u.id
       WHERE n.created_by = ? OR n.assigned_to = ?
       ORDER BY n.created_at DESC PARAMS: [ 7, 7 ]
QUERY SUCCESS, rows count: 2
QUERY SUCCESS, rows count: 2
QUERY Executing: SELECT created_by, assigned_to FROM needs WHERE id = ? PARAMS: [ '6' ]
QUERY SUCCESS, rows count: 1
QUERY Executing: SELECT m.*, u.name as sender_name 
       FROM messages m
       JOIN users u ON m.sender_id = u.id
       WHERE m.need_id = ?
       ORDER BY m.timestamp ASC PARAMS: [ '6' ]
QUERY SUCCESS, rows count: 0
QUERY Executing: SELECT created_by, assigned_to FROM needs WHERE id = ? PARAMS: [ '6' ]
QUERY SUCCESS, rows count: 1
QUERY Executing: SELECT m.*, u.name as sender_name 
       FROM messages m
       JOIN users u ON m.sender_id = u.id
       WHERE m.need_id = ?
       ORDER BY m.timestamp ASC PARAMS: [ '6' ]
QUERY SUCCESS, rows count: 0
QUERY Executing: SELECT created_by, assigned_to FROM needs WHERE id = ? PARAMS: [ '6' ]
QUERY SUCCESS, rows count: 1
QUERY Executing: SELECT m.*, u.name as sender_name 
       FROM messages m
       JOIN users u ON m.sender_id = u.id
       WHERE m.need_id = ?
       ORDER BY m.timestamp ASC PARAMS: [ '6' ]
QUERY SUCCESS, rows count: 0
QUERY Executing: SELECT created_by, assigned_to FROM needs WHERE id = ? PARAMS: [ 6 ]
QUERY SUCCESS, rows count: 1
QUERY Executing: INSERT INTO messages (sender_id, receiver_id, need_id, message)
       VALUES (?, ?, ?, ?) RETURNING * PARAMS: [ 7, 2, 6, 'hi' ]
QUERY SUCCESS, rows count: 1
QUERY Executing: SELECT created_by, assigned_to FROM needs WHERE id = ? PARAMS: [ '6' ]
QUERY SUCCESS, rows count: 1
QUERY Executing: SELECT m.*, u.name as sender_name 
       FROM messages m
       JOIN users u ON m.sender_id = u.id
       WHERE m.need_id = ?
       ORDER BY m.timestamp ASC PARAMS: [ '6' ]
QUERY SUCCESS, rows count: 1
QUERY Executing: SELECT created_by, assigned_to FROM needs WHERE id = ? PARAMS: [ '6' ]
QUERY SUCCESS, rows count: 1
QUERY Executing: SELECT m.*, u.name as sender_name 
       FROM messages m
       JOIN users u ON m.sender_id = u.id
       WHERE m.need_id = ?
       ORDER BY m.timestamp ASC PARAMS: [ '6' ]
QUERY SUCCESS, rows count: 1
QUERY Executing: SELECT created_by, assigned_to FROM needs WHERE id = ? PARAMS: [ '6' ]
QUERY SUCCESS, rows count: 1
QUERY Executing: SELECT m.*, u.name as sender_name 
       FROM messages m
       JOIN users u ON m.sender_id = u.id
       WHERE m.need_id = ?
       ORDER BY m.timestamp ASC PARAMS: [ '6' ]
QUERY SUCCESS, rows count: 1
QUERY Executing: SELECT * FROM users WHERE email = ? PARAMS: [ '24mcaa20@kristujayanti.com' ]
QUERY SUCCESS, rows count: 1
QUERY Executing: 
      SELECT n.*, u.name as created_by_name, u.rating_sum as creator_rating_sum, u.rating_count as creator_rating_count 
      FROM needs n
      JOIN users u ON n.created_by = u.id
      ORDER BY n.created_at DESC
     PARAMS: []
QUERY SUCCESS, rows count: 3
QUERY Executing: SELECT id, name, email, rating_sum, rating_count, created_at FROM users WHERE id = ? PARAMS: [ 2 ]
QUERY SUCCESS, rows count: 1
QUERY Executing: SELECT n.*, u.name as created_by_name, u.rating_sum as creator_rating_sum, u.rating_count as creator_rating_count 
       FROM needs n
       JOIN users u ON n.created_by = u.id
       WHERE n.created_by = ? OR n.assigned_to = ?
       ORDER BY n.created_at DESC PARAMS: [ 2, 2 ]
QUERY SUCCESS, rows count: 3
QUERY Executing: SELECT n.*, u.name as created_by_name, u.rating_sum as creator_rating_sum, u.rating_count as creator_rating_count 
       FROM needs n
       JOIN users u ON n.created_by = u.id
       WHERE n.created_by = ? OR n.assigned_to = ?
       ORDER BY n.created_at DESC PARAMS: [ 2, 2 ]
QUERY Executing: SELECT n.*, u.name as created_by_name, u.rating_sum as creator_rating_sum, u.rating_count as creator_rating_count 
       FROM needs n
       JOIN users u ON n.created_by = u.id
       WHERE n.created_by = ? OR n.assigned_to = ?
       ORDER BY n.created_at DESC PARAMS: [ 2, 2 ]
QUERY SUCCESS, rows count: 3
QUERY SUCCESS, rows count: 3
QUERY Executing: SELECT created_by, assigned_to FROM needs WHERE id = ? PARAMS: [ '6' ]
QUERY SUCCESS, rows count: 1
QUERY Executing: SELECT m.*, u.name as sender_name 
       FROM messages m
       JOIN users u ON m.sender_id = u.id
       WHERE m.need_id = ?
       ORDER BY m.timestamp ASC PARAMS: [ '6' ]
QUERY SUCCESS, rows count: 1
QUERY Executing: SELECT created_by, assigned_to FROM needs WHERE id = ? PARAMS: [ '6' ]
QUERY SUCCESS, rows count: 1
QUERY Executing: SELECT m.*, u.name as sender_name 
       FROM messages m
       JOIN users u ON m.sender_id = u.id
       WHERE m.need_id = ?
       ORDER BY m.timestamp ASC PARAMS: [ '6' ]
QUERY SUCCESS, rows count: 1
QUERY Executing: SELECT created_by, assigned_to FROM needs WHERE id = ? PARAMS: [ '6' ]
QUERY SUCCESS, rows count: 1
QUERY Executing: SELECT m.*, u.name as sender_name 
       FROM messages m
       JOIN users u ON m.sender_id = u.id
       WHERE m.need_id = ?
       ORDER BY m.timestamp ASC PARAMS: [ '6' ]
QUERY SUCCESS, rows count: 1
QUERY Executing: SELECT created_by, assigned_to FROM needs WHERE id = ? PARAMS: [ '6' ]
QUERY SUCCESS, rows count: 1
QUERY Executing: SELECT m.*, u.name as sender_name 
       FROM messages m
       JOIN users u ON m.sender_id = u.id
       WHERE m.need_id = ?
       ORDER BY m.timestamp ASC PARAMS: [ '6' ]
QUERY SUCCESS, rows count: 1
QUERY Executing: SELECT created_by, assigned_to FROM needs WHERE id = ? PARAMS: [ '6' ]
QUERY SUCCESS, rows count: 1
QUERY Executing: SELECT m.*, u.name as sender_name 
       FROM messages m
       JOIN users u ON m.sender_id = u.id
       WHERE m.need_id = ?
       ORDER BY m.timestamp ASC PARAMS: [ '6' ]
QUERY SUCCESS, rows count: 1
QUERY Executing: SELECT n.*, u.name as created_by_name, u.rating_sum as creator_rating_sum, u.rating_count as creator_rating_count 
       FROM needs n
       JOIN users u ON n.created_by = u.id
       WHERE n.created_by = ? OR n.assigned_to = ?
       ORDER BY n.created_at DESC PARAMS: [ 2, 2 ]
QUERY Executing: SELECT n.*, u.name as created_by_name, u.rating_sum as creator_rating_sum, u.rating_count as creator_rating_count 
       FROM needs n
       JOIN users u ON n.created_by = u.id
       WHERE n.created_by = ? OR n.assigned_to = ?
       ORDER BY n.created_at DESC PARAMS: [ 2, 2 ]
QUERY SUCCESS, rows count: 3
QUERY SUCCESS, rows count: 3
QUERY Executing: SELECT n.*, u.name as created_by_name, u.rating_sum as creator_rating_sum, u.rating_count as creator_rating_count 
       FROM needs n
       JOIN users u ON n.created_by = u.id
       WHERE n.created_by = ? OR n.assigned_to = ?
       ORDER BY n.created_at DESC PARAMS: [ 2, 2 ]
QUERY Executing: SELECT n.*, u.name as created_by_name, u.rating_sum as creator_rating_sum, u.rating_count as creator_rating_count 
       FROM needs n
       JOIN users u ON n.created_by = u.id
       WHERE n.created_by = ? OR n.assigned_to = ?
       ORDER BY n.created_at DESC PARAMS: [ 2, 2 ]
QUERY SUCCESS, rows count: 3
QUERY SUCCESS, rows count: 3
QUERY Executing: SELECT n.*, u.name as created_by_name, u.rating_sum as creator_rating_sum, u.rating_count as creator_rating_count 
       FROM needs n
       JOIN users u ON n.created_by = u.id
       WHERE n.created_by = ? OR n.assigned_to = ?
       ORDER BY n.created_at DESC PARAMS: [ 2, 2 ]
QUERY Executing: SELECT n.*, u.name as created_by_name, u.rating_sum as creator_rating_sum, u.rating_count as creator_rating_count 
       FROM needs n
       JOIN users u ON n.created_by = u.id
       WHERE n.created_by = ? OR n.assigned_to = ?
       ORDER BY n.created_at DESC PARAMS: [ 2, 2 ]
QUERY SUCCESS, rows count: 3
QUERY SUCCESS, rows count: 3
QUERY Executing: SELECT n.*, u.name as created_by_name, u.rating_sum as creator_rating_sum, u.rating_count as creator_rating_count 
       FROM needs n
       JOIN users u ON n.created_by = u.id
       WHERE n.created_by = ? OR n.assigned_to = ?
       ORDER BY n.created_at DESC PARAMS: [ 2, 2 ]
QUERY Executing: SELECT n.*, u.name as created_by_name, u.rating_sum as creator_rating_sum, u.rating_count as creator_rating_count 
       FROM needs n
       JOIN users u ON n.created_by = u.id
       WHERE n.created_by = ? OR n.assigned_to = ?
       ORDER BY n.created_at DESC PARAMS: [ 2, 2 ]
QUERY SUCCESS, rows count: 3
QUERY SUCCESS, rows count: 3
QUERY Executing: SELECT created_by, assigned_to FROM needs WHERE id = ? PARAMS: [ '6' ]
QUERY SUCCESS, rows count: 1
QUERY Executing: SELECT m.*, u.name as sender_name 
       FROM messages m
       JOIN users u ON m.sender_id = u.id
       WHERE m.need_id = ?
       ORDER BY m.timestamp ASC PARAMS: [ '6' ]
QUERY SUCCESS, rows count: 1
QUERY Executing: 
      SELECT n.*, u.name as created_by_name, u.rating_sum as creator_rating_sum, u.rating_count as creator_rating_count 
      FROM needs n
      JOIN users u ON n.created_by = u.id
      ORDER BY n.created_at DESC
     PARAMS: []
QUERY Executing: 
      SELECT n.*, u.name as created_by_name, u.rating_sum as creator_rating_sum, u.rating_count as creator_rating_count 
      FROM needs n
      JOIN users u ON n.created_by = u.id
      ORDER BY n.created_at DESC
     PARAMS: []
QUERY SUCCESS, rows count: 3
QUERY SUCCESS, rows count: 3
QUERY Executing: 
      SELECT n.*, u.name as created_by_name, u.rating_sum as creator_rating_sum, u.rating_count as creator_rating_count 
      FROM needs n
      JOIN users u ON n.created_by = u.id
      ORDER BY n.created_at DESC
     PARAMS: []
QUERY SUCCESS, rows count: 3
QUERY Executing: SELECT n.*, u.name as created_by_name, u.rating_sum as creator_rating_sum, u.rating_count as creator_rating_count 
       FROM needs n
       JOIN users u ON n.created_by = u.id
       WHERE n.created_by = ? OR n.assigned_to = ?
       ORDER BY n.created_at DESC PARAMS: [ 2, 2 ]
QUERY Executing: 
      SELECT n.*, u.name as created_by_name, u.rating_sum as creator_rating_sum, u.rating_count as creator_rating_count 
      FROM needs n
      JOIN users u ON n.created_by = u.id
      ORDER BY n.created_at DESC
     PARAMS: []
QUERY SUCCESS, rows count: 3
QUERY SUCCESS, rows count: 3
QUERY Executing: SELECT id, name, email, rating_sum, rating_count, created_at FROM users WHERE id = ? PARAMS: [ 2 ]
QUERY Executing: SELECT n.*, u.name as created_by_name, u.rating_sum as creator_rating_sum, u.rating_count as creator_rating_count 
       FROM needs n
       JOIN users u ON n.created_by = u.id
       WHERE n.created_by = ? OR n.assigned_to = ?
       ORDER BY n.created_at DESC PARAMS: [ 2, 2 ]
QUERY SUCCESS, rows count: 1
QUERY SUCCESS, rows count: 3
QUERY Executing: SELECT id, name, email, rating_sum, rating_count, created_at FROM users WHERE id = ? PARAMS: [ 2 ]
QUERY SUCCESS, rows count: 1
QUERY Executing: 
      SELECT n.*, u.name as created_by_name, u.rating_sum as creator_rating_sum, u.rating_count as creator_rating_count 
      FROM needs n
      JOIN users u ON n.created_by = u.id
      ORDER BY n.created_at DESC
     PARAMS: []
QUERY Executing: 
      SELECT n.*, u.name as created_by_name, u.rating_sum as creator_rating_sum, u.rating_count as creator_rating_count 
      FROM needs n
      JOIN users u ON n.created_by = u.id
      ORDER BY n.created_at DESC
     PARAMS: []
QUERY SUCCESS, rows count: 3
QUERY SUCCESS, rows count: 3
QUERY Executing: SELECT n.*, u.name as created_by_name, u.rating_sum as creator_rating_sum, u.rating_count as creator_rating_count 
       FROM needs n
       JOIN users u ON n.created_by = u.id
       WHERE n.created_by = ? OR n.assigned_to = ?
       ORDER BY n.created_at DESC PARAMS: [ 2, 2 ]
QUERY Executing: SELECT n.*, u.name as created_by_name, u.rating_sum as creator_rating_sum, u.rating_count as creator_rating_count 
       FROM needs n
       JOIN users u ON n.created_by = u.id
       WHERE n.created_by = ? OR n.assigned_to = ?
       ORDER BY n.created_at DESC PARAMS: [ 2, 2 ]
QUERY SUCCESS, rows count: 3
QUERY SUCCESS, rows count: 3
QUERY Executing: SELECT n.*, u.name as created_by_name, u.rating_sum as creator_rating_sum, u.rating_count as creator_rating_count 
       FROM needs n
       JOIN users u ON n.created_by = u.id
       WHERE n.created_by = ? OR n.assigned_to = ?
       ORDER BY n.created_at DESC PARAMS: [ 2, 2 ]
QUERY Executing: SELECT n.*, u.name as created_by_name, u.rating_sum as creator_rating_sum, u.rating_count as creator_rating_count 
       FROM needs n
       JOIN users u ON n.created_by = u.id
       WHERE n.created_by = ? OR n.assigned_to = ?
       ORDER BY n.created_at DESC PARAMS: [ 2, 2 ]
QUERY SUCCESS, rows count: 3
QUERY SUCCESS, rows count: 3
QUERY Executing: 
      SELECT n.*, u.name as created_by_name, u.rating_sum as creator_rating_sum, u.rating_count as creator_rating_count 
      FROM needs n
      JOIN users u ON n.created_by = u.id
      ORDER BY n.created_at DESC
     PARAMS: []
QUERY Executing: 
      SELECT n.*, u.name as created_by_name, u.rating_sum as creator_rating_sum, u.rating_count as creator_rating_count 
      FROM needs n
      JOIN users u ON n.created_by = u.id
      ORDER BY n.created_at DESC
     PARAMS: []
QUERY SUCCESS, rows count: 3
QUERY SUCCESS, rows count: 3
QUERY Executing: 
      SELECT n.*, u.name as created_by_name, u.rating_sum as creator_rating_sum, u.rating_count as creator_rating_count 
      FROM needs n
      JOIN users u ON n.created_by = u.id
      ORDER BY n.created_at DESC
     PARAMS: []
QUERY SUCCESS, rows count: 3
QUERY Executing: SELECT n.*, u.name as created_by_name, u.rating_sum as creator_rating_sum, u.rating_count as creator_rating_count 
       FROM needs n
       JOIN users u ON n.created_by = u.id
       WHERE n.created_by = ? OR n.assigned_to = ?
       ORDER BY n.created_at DESC PARAMS: [ 2, 2 ]
QUERY Executing: SELECT id, name, email, rating_sum, rating_count, created_at FROM users WHERE id = ? PARAMS: [ 2 ]
QUERY Executing: 
      SELECT n.*, u.name as created_by_name, u.rating_sum as creator_rating_sum, u.rating_count as creator_rating_count 
      FROM needs n
      JOIN users u ON n.created_by = u.id
      ORDER BY n.created_at DESC
     PARAMS: []
QUERY SUCCESS, rows count: 3
QUERY Executing: SELECT id, name, email, rating_sum, rating_count, created_at FROM users WHERE id = ? PARAMS: [ 2 ]
QUERY Executing: SELECT n.*, u.name as created_by_name, u.rating_sum as creator_rating_sum, u.rating_count as creator_rating_count 
       FROM needs n
       JOIN users u ON n.created_by = u.id
       WHERE n.created_by = ? OR n.assigned_to = ?
       ORDER BY n.created_at DESC PARAMS: [ 2, 2 ]
QUERY SUCCESS, rows count: 1
QUERY SUCCESS, rows count: 3
QUERY SUCCESS, rows count: 1
QUERY SUCCESS, rows count: 3
QUERY Executing: SELECT n.*, u.name as created_by_name, u.rating_sum as creator_rating_sum, u.rating_count as creator_rating_count 
       FROM needs n
       JOIN users u ON n.created_by = u.id
       WHERE n.created_by = ? OR n.assigned_to = ?
       ORDER BY n.created_at DESC PARAMS: [ 2, 2 ]
QUERY Executing: SELECT n.*, u.name as created_by_name, u.rating_sum as creator_rating_sum, u.rating_count as creator_rating_count 
       FROM needs n
       JOIN users u ON n.created_by = u.id
       WHERE n.created_by = ? OR n.assigned_to = ?
       ORDER BY n.created_at DESC PARAMS: [ 2, 2 ]
QUERY SUCCESS, rows count: 3
QUERY SUCCESS, rows count: 3
QUERY Executing: SELECT n.*, u.name as created_by_name, u.rating_sum as creator_rating_sum, u.rating_count as creator_rating_count 
       FROM needs n
       JOIN users u ON n.created_by = u.id
       WHERE n.created_by = ? OR n.assigned_to = ?
       ORDER BY n.created_at DESC PARAMS: [ 2, 2 ]
QUERY Executing: SELECT n.*, u.name as created_by_name, u.rating_sum as creator_rating_sum, u.rating_count as creator_rating_count 
       FROM needs n
       JOIN users u ON n.created_by = u.id
       WHERE n.created_by = ? OR n.assigned_to = ?
       ORDER BY n.created_at DESC PARAMS: [ 2, 2 ]
QUERY SUCCESS, rows count: 3
QUERY SUCCESS, rows count: 3
QUERY Executing: SELECT id FROM users WHERE email = ? PARAMS: [ '24mcaa26@kristujayanti.com' ]
QUERY SUCCESS, rows count: 0
QUERY Executing: INSERT INTO users (name, email, password) VALUES (?, ?, ?) RETURNING id, name, email PARAMS: [
  'gowthaman',
  '24mcaa26@kristujayanti.com',
  '$2b$10$HRt/c1Zrq6iXOkP6X0SJ/OtwH1wZc2b43Ys/Hxy56RKsNkLUMP3ra'
]
QUERY SUCCESS, rows count: 1
QUERY Executing: 
      SELECT n.*, u.name as created_by_name, u.rating_sum as creator_rating_sum, u.rating_count as creator_rating_count 
      FROM needs n
      JOIN users u ON n.created_by = u.id
      ORDER BY n.created_at DESC
     PARAMS: []
QUERY Executing: 
      SELECT n.*, u.name as created_by_name, u.rating_sum as creator_rating_sum, u.rating_count as creator_rating_count 
      FROM needs n
      JOIN users u ON n.created_by = u.id
      ORDER BY n.created_at DESC
     PARAMS: []
QUERY SUCCESS, rows count: 3
QUERY SUCCESS, rows count: 3
QUERY Executing: SELECT id, name, email, rating_sum, rating_count, created_at FROM users WHERE id = ? PARAMS: [ 8 ]
QUERY SUCCESS, rows count: 1
QUERY Executing: SELECT n.*, u.name as created_by_name, u.rating_sum as creator_rating_sum, u.rating_count as creator_rating_count 
       FROM needs n
       JOIN users u ON n.created_by = u.id
       WHERE n.created_by = ? OR n.assigned_to = ?
       ORDER BY n.created_at DESC PARAMS: [ 8, 8 ]
QUERY SUCCESS, rows count: 0
QUERY Executing: 
      SELECT n.*, u.name as created_by_name, u.rating_sum as creator_rating_sum, u.rating_count as creator_rating_count 
      FROM needs n
      JOIN users u ON n.created_by = u.id
      ORDER BY n.created_at DESC
     PARAMS: []
QUERY Executing: 
      SELECT n.*, u.name as created_by_name, u.rating_sum as creator_rating_sum, u.rating_count as creator_rating_count 
      FROM needs n
      JOIN users u ON n.created_by = u.id
      ORDER BY n.created_at DESC
     PARAMS: []
QUERY SUCCESS, rows count: 3
QUERY SUCCESS, rows count: 3
QUERY Executing: 
        SELECT n.*, u.name as created_by_name, u.rating_sum as creator_rating_sum, u.rating_count as creator_rating_count 
        FROM needs n
        JOIN users u ON n.created_by = u.id
        WHERE n.category = ?
        ORDER BY n.created_at DESC
       PARAMS: [ 'task' ]
QUERY SUCCESS, rows count: 2
QUERY Executing: 
        SELECT n.*, u.name as created_by_name, u.rating_sum as creator_rating_sum, u.rating_count as creator_rating_count 
        FROM needs n
        JOIN users u ON n.created_by = u.id
        WHERE n.category = ?
        ORDER BY n.created_at DESC
       PARAMS: [ 'stay' ]
QUERY SUCCESS, rows count: 1
QUERY Executing: 
        SELECT n.*, u.name as created_by_name, u.rating_sum as creator_rating_sum, u.rating_count as creator_rating_count 
        FROM needs n
        JOIN users u ON n.created_by = u.id
        WHERE n.category = ?
        ORDER BY n.created_at DESC
       PARAMS: [ 'task' ]
QUERY SUCCESS, rows count: 2
QUERY Executing: 
        SELECT n.*, u.name as created_by_name, u.rating_sum as creator_rating_sum, u.rating_count as creator_rating_count 
        FROM needs n
        JOIN users u ON n.created_by = u.id
        WHERE n.category = ?
        ORDER BY n.created_at DESC
       PARAMS: [ 'stay' ]
QUERY SUCCESS, rows count: 1
QUERY Executing: 
      SELECT n.*, u.name as created_by_name, u.rating_sum as creator_rating_sum, u.rating_count as creator_rating_count 
      FROM needs n
      JOIN users u ON n.created_by = u.id
      ORDER BY n.created_at DESC
     PARAMS: []
QUERY SUCCESS, rows count: 3
QUERY Executing: SELECT n.*, u.name as created_by_name, u.rating_sum as creator_rating_sum, u.rating_count as creator_rating_count 
       FROM needs n
       JOIN users u ON n.created_by = u.id
       WHERE n.created_by = ? OR n.assigned_to = ?
       ORDER BY n.created_at DESC PARAMS: [ 8, 8 ]
QUERY Executing: SELECT n.*, u.name as created_by_name, u.rating_sum as creator_rating_sum, u.rating_count as creator_rating_count 
       FROM needs n
       JOIN users u ON n.created_by = u.id
       WHERE n.created_by = ? OR n.assigned_to = ?
       ORDER BY n.created_at DESC PARAMS: [ 8, 8 ]
QUERY SUCCESS, rows count: 0
QUERY SUCCESS, rows count: 0
QUERY Executing: SELECT n.*, u.name as created_by_name, u.rating_sum as creator_rating_sum, u.rating_count as creator_rating_count 
       FROM needs n
       JOIN users u ON n.created_by = u.id
       WHERE n.created_by = ? OR n.assigned_to = ?
       ORDER BY n.created_at DESC PARAMS: [ 8, 8 ]
QUERY Executing: 
      SELECT n.*, u.name as created_by_name, u.rating_sum as creator_rating_sum, u.rating_count as creator_rating_count 
      FROM needs n
      JOIN users u ON n.created_by = u.id
      ORDER BY n.created_at DESC
     PARAMS: []
QUERY Executing: SELECT id, name, email, rating_sum, rating_count, created_at FROM users WHERE id = ? PARAMS: [ 8 ]
QUERY SUCCESS, rows count: 0
QUERY SUCCESS, rows count: 3
QUERY Executing: SELECT id, name, email, rating_sum, rating_count, created_at FROM users WHERE id = ? PARAMS: [ 8 ]
QUERY Executing: SELECT n.*, u.name as created_by_name, u.rating_sum as creator_rating_sum, u.rating_count as creator_rating_count 
       FROM needs n
       JOIN users u ON n.created_by = u.id
       WHERE n.created_by = ? OR n.assigned_to = ?
       ORDER BY n.created_at DESC PARAMS: [ 8, 8 ]
QUERY Executing: 
      SELECT n.*, u.name as created_by_name, u.rating_sum as creator_rating_sum, u.rating_count as creator_rating_count 
      FROM needs n
      JOIN users u ON n.created_by = u.id
      ORDER BY n.created_at DESC
     PARAMS: []
QUERY SUCCESS, rows count: 1
QUERY SUCCESS, rows count: 1
QUERY SUCCESS, rows count: 0
QUERY SUCCESS, rows count: 3
QUERY Executing: INSERT INTO needs (title, description, category, reward, created_by, deadline)
       VALUES (?, ?, ?, ?, ?, ?) RETURNING * PARAMS: [ 'need goprocam', 'need GoPro for one day', 'task', 300, 8, null ]
QUERY SUCCESS, rows count: 1
QUERY Executing: 
      SELECT n.*, u.name as created_by_name, u.rating_sum as creator_rating_sum, u.rating_count as creator_rating_count 
      FROM needs n
      JOIN users u ON n.created_by = u.id
      ORDER BY n.created_at DESC
     PARAMS: []
QUERY SUCCESS, rows count: 4
QUERY Executing: SELECT n.*, u.name as created_by_name, u.rating_sum as creator_rating_sum, u.rating_count as creator_rating_count 
       FROM needs n
       JOIN users u ON n.created_by = u.id
       WHERE n.created_by = ? OR n.assigned_to = ?
       ORDER BY n.created_at DESC PARAMS: [ 8, 8 ]
QUERY Executing: SELECT n.*, u.name as created_by_name, u.rating_sum as creator_rating_sum, u.rating_count as creator_rating_count 
       FROM needs n
       JOIN users u ON n.created_by = u.id
       WHERE n.created_by = ? OR n.assigned_to = ?
       ORDER BY n.created_at DESC PARAMS: [ 8, 8 ]
QUERY Executing: SELECT id, name, email, rating_sum, rating_count, created_at FROM users WHERE id = ? PARAMS: [ 8 ]
QUERY Executing: SELECT id, name, email, rating_sum, rating_count, created_at FROM users WHERE id = ? PARAMS: [ 8 ]
QUERY SUCCESS, rows count: 1
QUERY SUCCESS, rows count: 1
QUERY SUCCESS, rows count: 1
QUERY SUCCESS, rows count: 1
QUERY Executing: INSERT INTO needs (title, description, category, reward, created_by, deadline)
       VALUES (?, ?, ?, ?, ?, ?) RETURNING * PARAMS: [ 'need keyboard for 6 hr', 'urgent ', 'task', 30, 8, null ]
QUERY SUCCESS, rows count: 1
QUERY Executing: 
      SELECT n.*, u.name as created_by_name, u.rating_sum as creator_rating_sum, u.rating_count as creator_rating_count 
      FROM needs n
      JOIN users u ON n.created_by = u.id
      ORDER BY n.created_at DESC
     PARAMS: []
QUERY SUCCESS, rows count: 5
QUERY Executing: SELECT id, name, email, rating_sum, rating_count, created_at FROM users WHERE id = ? PARAMS: [ 8 ]
QUERY Executing: SELECT n.*, u.name as created_by_name, u.rating_sum as creator_rating_sum, u.rating_count as creator_rating_count 
       FROM needs n
       JOIN users u ON n.created_by = u.id
       WHERE n.created_by = ? OR n.assigned_to = ?
       ORDER BY n.created_at DESC PARAMS: [ 8, 8 ]
QUERY Executing: SELECT id, name, email, rating_sum, rating_count, created_at FROM users WHERE id = ? PARAMS: [ 8 ]
QUERY SUCCESS, rows count: 1
QUERY SUCCESS, rows count: 2
QUERY Executing: SELECT n.*, u.name as created_by_name, u.rating_sum as creator_rating_sum, u.rating_count as creator_rating_count 
       FROM needs n
       JOIN users u ON n.created_by = u.id
       WHERE n.created_by = ? OR n.assigned_to = ?
       ORDER BY n.created_at DESC PARAMS: [ 8, 8 ]
QUERY SUCCESS, rows count: 1
QUERY SUCCESS, rows count: 2
QUERY Executing: SELECT id FROM users WHERE email = ? PARAMS: [ '24mcaa34@kristujayanti.com' ]
QUERY SUCCESS, rows count: 0
QUERY Executing: INSERT INTO users (name, email, password) VALUES (?, ?, ?) RETURNING id, name, email PARAMS: [
  'jovin',
  '24mcaa34@kristujayanti.com',
  '$2b$10$hKW04evQp6corl891uytx.GKGLNRWOQ.Q1eRqVR2FOkutrWsnBmRi'
]
QUERY SUCCESS, rows count: 1
QUERY Executing: 
      SELECT n.*, u.name as created_by_name, u.rating_sum as creator_rating_sum, u.rating_count as creator_rating_count 
      FROM needs n
      JOIN users u ON n.created_by = u.id
      ORDER BY n.created_at DESC
     PARAMS: []
QUERY Executing: 
      SELECT n.*, u.name as created_by_name, u.rating_sum as creator_rating_sum, u.rating_count as creator_rating_count 
      FROM needs n
      JOIN users u ON n.created_by = u.id
      ORDER BY n.created_at DESC
     PARAMS: []
QUERY SUCCESS, rows count: 5
QUERY Executing: SELECT id, name, email, rating_sum, rating_count, created_at FROM users WHERE id = ? PARAMS: [ 9 ]
QUERY SUCCESS, rows count: 5
QUERY Executing: SELECT n.*, u.name as created_by_name, u.rating_sum as creator_rating_sum, u.rating_count as creator_rating_count 
       FROM needs n
       JOIN users u ON n.created_by = u.id
       WHERE n.created_by = ? OR n.assigned_to = ?
       ORDER BY n.created_at DESC PARAMS: [ 9, 9 ]
QUERY SUCCESS, rows count: 1
QUERY SUCCESS, rows count: 0
QUERY Executing: INSERT INTO needs (title, description, category, reward, created_by, deadline)
       VALUES (?, ?, ?, ?, ?, ?) RETURNING * PARAMS: [
  'need a black shirt [M]',
  'today im having a event fir that I need a black shirt',
  'task',
  50,
  9,
  null
]
QUERY SUCCESS, rows count: 1
QUERY Executing: 
      SELECT n.*, u.name as created_by_name, u.rating_sum as creator_rating_sum, u.rating_count as creator_rating_count 
      FROM needs n
      JOIN users u ON n.created_by = u.id
      ORDER BY n.created_at DESC
     PARAMS: []
QUERY SUCCESS, rows count: 6
QUERY Executing: SELECT id, name, email, rating_sum, rating_count, created_at FROM users WHERE id = ? PARAMS: [ 9 ]
QUERY Executing: SELECT n.*, u.name as created_by_name, u.rating_sum as creator_rating_sum, u.rating_count as creator_rating_count 
       FROM needs n
       JOIN users u ON n.created_by = u.id
       WHERE n.created_by = ? OR n.assigned_to = ?
       ORDER BY n.created_at DESC PARAMS: [ 9, 9 ]
QUERY Executing: SELECT n.*, u.name as created_by_name, u.rating_sum as creator_rating_sum, u.rating_count as creator_rating_count 
       FROM needs n
       JOIN users u ON n.created_by = u.id
       WHERE n.created_by = ? OR n.assigned_to = ?
       ORDER BY n.created_at DESC PARAMS: [ 9, 9 ]
QUERY SUCCESS, rows count: 1
QUERY SUCCESS, rows count: 1
QUERY Executing: SELECT id, name, email, rating_sum, rating_count, created_at FROM users WHERE id = ? PARAMS: [ 9 ]
QUERY SUCCESS, rows count: 1
QUERY SUCCESS, rows count: 1
QUERY Executing: INSERT INTO needs (title, description, category, reward, created_by, deadline)
       VALUES (?, ?, ?, ?, ?, ?) RETURNING * PARAMS: [
  'MacBook m1 charger ',
  'I forgot to bring that in college  , for 2 hr only',
  'task',
  30,
  9,
  null
]
QUERY SUCCESS, rows count: 1
QUERY Executing: 
      SELECT n.*, u.name as created_by_name, u.rating_sum as creator_rating_sum, u.rating_count as creator_rating_count 
      FROM needs n
      JOIN users u ON n.created_by = u.id
      ORDER BY n.created_at DESC
     PARAMS: []
QUERY Executing: SELECT id, name, email, rating_sum, rating_count, created_at FROM users WHERE id = ? PARAMS: [ 9 ]
QUERY SUCCESS, rows count: 7
QUERY SUCCESS, rows count: 1
QUERY Executing: SELECT n.*, u.name as created_by_name, u.rating_sum as creator_rating_sum, u.rating_count as creator_rating_count 
       FROM needs n
       JOIN users u ON n.created_by = u.id
       WHERE n.created_by = ? OR n.assigned_to = ?
       ORDER BY n.created_at DESC PARAMS: [ 9, 9 ]
QUERY SUCCESS, rows count: 2
QUERY Executing: SELECT id, name, email, rating_sum, rating_count, created_at FROM users WHERE id = ? PARAMS: [ 9 ]
QUERY Executing: SELECT n.*, u.name as created_by_name, u.rating_sum as creator_rating_sum, u.rating_count as creator_rating_count 
       FROM needs n
       JOIN users u ON n.created_by = u.id
       WHERE n.created_by = ? OR n.assigned_to = ?
       ORDER BY n.created_at DESC PARAMS: [ 9, 9 ]
QUERY SUCCESS, rows count: 1
QUERY SUCCESS, rows count: 2
QUERY Executing: 
      SELECT n.*, u.name as created_by_name, u.rating_sum as creator_rating_sum, u.rating_count as creator_rating_count 
      FROM needs n
      JOIN users u ON n.created_by = u.id
      ORDER BY n.created_at DESC
     PARAMS: []
QUERY Executing: 
      SELECT n.*, u.name as created_by_name, u.rating_sum as creator_rating_sum, u.rating_count as creator_rating_count 
      FROM needs n
      JOIN users u ON n.created_by = u.id
      ORDER BY n.created_at DESC
     PARAMS: []
QUERY SUCCESS, rows count: 7
QUERY SUCCESS, rows count: 7
QUERY Executing: SELECT n.*, u.name as created_by_name, u.rating_sum as creator_rating_sum, u.rating_count as creator_rating_count 
       FROM needs n
       JOIN users u ON n.created_by = u.id
       WHERE n.created_by = ? OR n.assigned_to = ?
       ORDER BY n.created_at DESC PARAMS: [ 9, 9 ]
QUERY Executing: SELECT n.*, u.name as created_by_name, u.rating_sum as creator_rating_sum, u.rating_count as creator_rating_count 
       FROM needs n
       JOIN users u ON n.created_by = u.id
       WHERE n.created_by = ? OR n.assigned_to = ?
       ORDER BY n.created_at DESC PARAMS: [ 9, 9 ]
QUERY SUCCESS, rows count: 2
QUERY SUCCESS, rows count: 2
QUERY Executing: SELECT n.*, u.name as created_by_name, u.rating_sum as creator_rating_sum, u.rating_count as creator_rating_count 
       FROM needs n
       JOIN users u ON n.created_by = u.id
       WHERE n.created_by = ? OR n.assigned_to = ?
       ORDER BY n.created_at DESC PARAMS: [ 9, 9 ]
QUERY Executing: SELECT n.*, u.name as created_by_name, u.rating_sum as creator_rating_sum, u.rating_count as creator_rating_count 
       FROM needs n
       JOIN users u ON n.created_by = u.id
       WHERE n.created_by = ? OR n.assigned_to = ?
       ORDER BY n.created_at DESC PARAMS: [ 9, 9 ]
QUERY SUCCESS, rows count: 2
QUERY SUCCESS, rows count: 2
QUERY Executing: SELECT n.*, u.name as created_by_name, u.rating_sum as creator_rating_sum, u.rating_count as creator_rating_count 
       FROM needs n
       JOIN users u ON n.created_by = u.id
       WHERE n.created_by = ? OR n.assigned_to = ?
       ORDER BY n.created_at DESC PARAMS: [ 9, 9 ]
QUERY Executing: SELECT n.*, u.name as created_by_name, u.rating_sum as creator_rating_sum, u.rating_count as creator_rating_count 
       FROM needs n
       JOIN users u ON n.created_by = u.id
       WHERE n.created_by = ? OR n.assigned_to = ?
       ORDER BY n.created_at DESC PARAMS: [ 9, 9 ]
QUERY SUCCESS, rows count: 2
QUERY SUCCESS, rows count: 2
QUERY Executing: 
      SELECT n.*, u.name as created_by_name, u.rating_sum as creator_rating_sum, u.rating_count as creator_rating_count 
      FROM needs n
      JOIN users u ON n.created_by = u.id
      ORDER BY n.created_at DESC
     PARAMS: []
QUERY SUCCESS, rows count: 7
QUERY Executing: SELECT n.*, u.name as created_by_name, u.rating_sum as creator_rating_sum, u.rating_count as creator_rating_count 
       FROM needs n
       JOIN users u ON n.created_by = u.id
       WHERE n.created_by = ? OR n.assigned_to = ?
       ORDER BY n.created_at DESC PARAMS: [ 9, 9 ]
QUERY Executing: SELECT id, name, email, rating_sum, rating_count, created_at FROM users WHERE id = ? PARAMS: [ 9 ]
QUERY SUCCESS, rows count: 2
QUERY Executing: 
      SELECT n.*, u.name as created_by_name, u.rating_sum as creator_rating_sum, u.rating_count as creator_rating_count 
      FROM needs n
      JOIN users u ON n.created_by = u.id
      ORDER BY n.created_at DESC
     PARAMS: []
QUERY Executing: SELECT n.*, u.name as created_by_name, u.rating_sum as creator_rating_sum, u.rating_count as creator_rating_count 
       FROM needs n
       JOIN users u ON n.created_by = u.id
       WHERE n.created_by = ? OR n.assigned_to = ?
       ORDER BY n.created_at DESC PARAMS: [ 9, 9 ]
QUERY Executing: SELECT id, name, email, rating_sum, rating_count, created_at FROM users WHERE id = ? PARAMS: [ 9 ]
QUERY SUCCESS, rows count: 1
QUERY SUCCESS, rows count: 7
QUERY SUCCESS, rows count: 2
QUERY SUCCESS, rows count: 1
QUERY Executing: 
      SELECT n.*, u.name as created_by_name, u.rating_sum as creator_rating_sum, u.rating_count as creator_rating_count 
      FROM needs n
      JOIN users u ON n.created_by = u.id
      ORDER BY n.created_at DESC
     PARAMS: []
QUERY Executing: 
      SELECT n.*, u.name as created_by_name, u.rating_sum as creator_rating_sum, u.rating_count as creator_rating_count 
      FROM needs n
      JOIN users u ON n.created_by = u.id
      ORDER BY n.created_at DESC
     PARAMS: []
QUERY SUCCESS, rows count: 7
QUERY SUCCESS, rows count: 7
QUERY Executing: SELECT n.*, u.name as created_by_name, u.rating_sum as creator_rating_sum, u.rating_count as creator_rating_count 
       FROM needs n
       JOIN users u ON n.created_by = u.id
       WHERE n.created_by = ? OR n.assigned_to = ?
       ORDER BY n.created_at DESC PARAMS: [ 9, 9 ]
QUERY Executing: SELECT n.*, u.name as created_by_name, u.rating_sum as creator_rating_sum, u.rating_count as creator_rating_count 
       FROM needs n
       JOIN users u ON n.created_by = u.id
       WHERE n.created_by = ? OR n.assigned_to = ?
       ORDER BY n.created_at DESC PARAMS: [ 9, 9 ]
QUERY SUCCESS, rows count: 2
QUERY SUCCESS, rows count: 2
QUERY Executing: SELECT n.*, u.name as created_by_name, u.rating_sum as creator_rating_sum, u.rating_count as creator_rating_count 
       FROM needs n
       JOIN users u ON n.created_by = u.id
       WHERE n.created_by = ? OR n.assigned_to = ?
       ORDER BY n.created_at DESC PARAMS: [ 9, 9 ]
QUERY Executing: SELECT n.*, u.name as created_by_name, u.rating_sum as creator_rating_sum, u.rating_count as creator_rating_count 
       FROM needs n
       JOIN users u ON n.created_by = u.id
       WHERE n.created_by = ? OR n.assigned_to = ?
       ORDER BY n.created_at DESC PARAMS: [ 9, 9 ]
QUERY SUCCESS, rows count: 2
QUERY SUCCESS, rows count: 2
QUERY Executing: SELECT n.*, u.name as created_by_name, u.rating_sum as creator_rating_sum, u.rating_count as creator_rating_count 
       FROM needs n
       JOIN users u ON n.created_by = u.id
       WHERE n.created_by = ? OR n.assigned_to = ?
       ORDER BY n.created_at DESC PARAMS: [ 9, 9 ]
QUERY Executing: SELECT n.*, u.name as created_by_name, u.rating_sum as creator_rating_sum, u.rating_count as creator_rating_count 
       FROM needs n
       JOIN users u ON n.created_by = u.id
       WHERE n.created_by = ? OR n.assigned_to = ?
       ORDER BY n.created_at DESC PARAMS: [ 9, 9 ]
QUERY SUCCESS, rows count: 2
QUERY SUCCESS, rows count: 2
QUERY Executing: 
      SELECT n.*, u.name as created_by_name, u.rating_sum as creator_rating_sum, u.rating_count as creator_rating_count 
      FROM needs n
      JOIN users u ON n.created_by = u.id
      ORDER BY n.created_at DESC
     PARAMS: []
QUERY Executing: SELECT n.*, u.name as created_by_name, u.rating_sum as creator_rating_sum, u.rating_count as creator_rating_count 
       FROM needs n
       JOIN users u ON n.created_by = u.id
       WHERE n.created_by = ? OR n.assigned_to = ?
       ORDER BY n.created_at DESC PARAMS: [ 9, 9 ]
QUERY SUCCESS, rows count: 7
QUERY Executing: 
      SELECT n.*, u.name as created_by_name, u.rating_sum as creator_rating_sum, u.rating_count as creator_rating_count 
      FROM needs n
      JOIN users u ON n.created_by = u.id
      ORDER BY n.created_at DESC
     PARAMS: []
QUERY Executing: SELECT n.*, u.name as created_by_name, u.rating_sum as creator_rating_sum, u.rating_count as creator_rating_count 
       FROM needs n
       JOIN users u ON n.created_by = u.id
       WHERE n.created_by = ? OR n.assigned_to = ?
       ORDER BY n.created_at DESC PARAMS: [ 9, 9 ]
QUERY SUCCESS, rows count: 2
QUERY SUCCESS, rows count: 7
QUERY SUCCESS, rows count: 2
QUERY Executing: SELECT id, name, email, rating_sum, rating_count, created_at FROM users WHERE id = ? PARAMS: [ 9 ]
QUERY SUCCESS, rows count: 1
QUERY Executing: SELECT id, name, email, rating_sum, rating_count, created_at FROM users WHERE id = ? PARAMS: [ 9 ]
QUERY SUCCESS, rows count: 1
QUERY Executing: INSERT INTO needs (title, description, category, reward, created_by, deadline)
       VALUES (?, ?, ?, ?, ?, ?) RETURNING * PARAMS: [ 'just 4 hr', 'I just need to fresh up', 'stay', 45, 9, null ]
QUERY SUCCESS, rows count: 1
QUERY Executing: 
      SELECT n.*, u.name as created_by_name, u.rating_sum as creator_rating_sum, u.rating_count as creator_rating_count 
      FROM needs n
      JOIN users u ON n.created_by = u.id
      ORDER BY n.created_at DESC
     PARAMS: []
QUERY SUCCESS, rows count: 8
QUERY Executing: SELECT id, name, email, rating_sum, rating_count, created_at FROM users WHERE id = ? PARAMS: [ 9 ]
QUERY Executing: SELECT n.*, u.name as created_by_name, u.rating_sum as creator_rating_sum, u.rating_count as creator_rating_count 
       FROM needs n
       JOIN users u ON n.created_by = u.id
       WHERE n.created_by = ? OR n.assigned_to = ?
       ORDER BY n.created_at DESC PARAMS: [ 9, 9 ]
QUERY SUCCESS, rows count: 1
QUERY SUCCESS, rows count: 3
QUERY Executing: SELECT id, name, email, rating_sum, rating_count, created_at FROM users WHERE id = ? PARAMS: [ 9 ]
QUERY Executing: SELECT n.*, u.name as created_by_name, u.rating_sum as creator_rating_sum, u.rating_count as creator_rating_count 
       FROM needs n
       JOIN users u ON n.created_by = u.id
       WHERE n.created_by = ? OR n.assigned_to = ?
       ORDER BY n.created_at DESC PARAMS: [ 9, 9 ]
QUERY SUCCESS, rows count: 1
QUERY SUCCESS, rows count: 3
QUERY Executing: SELECT * FROM users WHERE email = ? PARAMS: [ '24mcaa20@kristujayanti.com' ]
QUERY SUCCESS, rows count: 1
QUERY Executing: 
      SELECT n.*, u.name as created_by_name, u.rating_sum as creator_rating_sum, u.rating_count as creator_rating_count 
      FROM needs n
      JOIN users u ON n.created_by = u.id
      ORDER BY n.created_at DESC
     PARAMS: []
QUERY SUCCESS, rows count: 8
QUERY Executing: 
      SELECT n.*, u.name as created_by_name, u.rating_sum as creator_rating_sum, u.rating_count as creator_rating_count 
      FROM needs n
      JOIN users u ON n.created_by = u.id
      ORDER BY n.created_at DESC
     PARAMS: []
QUERY SUCCESS, rows count: 8
QUERY Executing: SELECT id, name, email, rating_sum, rating_count, created_at FROM users WHERE id = ? PARAMS: [ 2 ]
QUERY Executing: SELECT n.*, u.name as created_by_name, u.rating_sum as creator_rating_sum, u.rating_count as creator_rating_count 
       FROM needs n
       JOIN users u ON n.created_by = u.id
       WHERE n.created_by = ? OR n.assigned_to = ?
       ORDER BY n.created_at DESC PARAMS: [ 2, 2 ]
QUERY SUCCESS, rows count: 1
QUERY SUCCESS, rows count: 3
QUERY Executing: 
      SELECT n.*, u.name as created_by_name, u.rating_sum as creator_rating_sum, u.rating_count as creator_rating_count 
      FROM needs n
      JOIN users u ON n.created_by = u.id
      ORDER BY n.created_at DESC
     PARAMS: []
QUERY Executing: 
      SELECT n.*, u.name as created_by_name, u.rating_sum as creator_rating_sum, u.rating_count as creator_rating_count 
      FROM needs n
      JOIN users u ON n.created_by = u.id
      ORDER BY n.created_at DESC
     PARAMS: []
QUERY SUCCESS, rows count: 8
QUERY SUCCESS, rows count: 8
QUERY Executing: 
      SELECT n.*, u.name as created_by_name, u.rating_sum as creator_rating_sum, u.rating_count as creator_rating_count 
      FROM needs n
      JOIN users u ON n.created_by = u.id
      ORDER BY n.created_at DESC
     PARAMS: []
QUERY Executing: SELECT id, name, email, rating_sum, rating_count, created_at FROM users WHERE id = ? PARAMS: [ 2 ]
QUERY SUCCESS, rows count: 8
QUERY Executing: 
      SELECT n.*, u.name as created_by_name, u.rating_sum as creator_rating_sum, u.rating_count as creator_rating_count 
      FROM needs n
      JOIN users u ON n.created_by = u.id
      ORDER BY n.created_at DESC
     PARAMS: []
QUERY Executing: SELECT id, name, email, rating_sum, rating_count, created_at FROM users WHERE id = ? PARAMS: [ 2 ]
QUERY SUCCESS, rows count: 1
QUERY Executing: SELECT n.*, u.name as created_by_name, u.rating_sum as creator_rating_sum, u.rating_count as creator_rating_count 
       FROM needs n
       JOIN users u ON n.created_by = u.id
       WHERE n.created_by = ? OR n.assigned_to = ?
       ORDER BY n.created_at DESC PARAMS: [ 2, 2 ]
QUERY Executing: SELECT n.*, u.name as created_by_name, u.rating_sum as creator_rating_sum, u.rating_count as creator_rating_count 
       FROM needs n
       JOIN users u ON n.created_by = u.id
       WHERE n.created_by = ? OR n.assigned_to = ?
       ORDER BY n.created_at DESC PARAMS: [ 2, 2 ]
QUERY SUCCESS, rows count: 8
QUERY SUCCESS, rows count: 1
QUERY SUCCESS, rows count: 3
QUERY SUCCESS, rows count: 3
QUERY Executing: 
      SELECT n.*, u.name as created_by_name, u.rating_sum as creator_rating_sum, u.rating_count as creator_rating_count 
      FROM needs n
      JOIN users u ON n.created_by = u.id
      ORDER BY n.created_at DESC
     PARAMS: []
QUERY Executing: 
      SELECT n.*, u.name as created_by_name, u.rating_sum as creator_rating_sum, u.rating_count as creator_rating_count 
      FROM needs n
      JOIN users u ON n.created_by = u.id
      ORDER BY n.created_at DESC
     PARAMS: []
QUERY SUCCESS, rows count: 8
QUERY SUCCESS, rows count: 8
QUERY Executing: 
      SELECT n.*, u.name as created_by_name, u.rating_sum as creator_rating_sum, u.rating_count as creator_rating_count 
      FROM needs n
      JOIN users u ON n.created_by = u.id
      ORDER BY n.created_at DESC
     PARAMS: []
QUERY SUCCESS, rows count: 8
QUERY Executing: 
      SELECT n.*, u.name as created_by_name, u.rating_sum as creator_rating_sum, u.rating_count as creator_rating_count 
      FROM needs n
      JOIN users u ON n.created_by = u.id
      ORDER BY n.created_at DESC
     PARAMS: []
QUERY SUCCESS, rows count: 8
QUERY Executing: SELECT id, name, email, rating_sum, rating_count, created_at FROM users WHERE id = ? PARAMS: [ 2 ]
QUERY SUCCESS, rows count: 1
QUERY Executing: SELECT id, name, email, rating_sum, rating_count, created_at FROM users WHERE id = ? PARAMS: [ 2 ]
QUERY SUCCESS, rows count: 1
QUERY Executing: SELECT n.*, u.name as created_by_name, u.rating_sum as creator_rating_sum, u.rating_count as creator_rating_count 
       FROM needs n
       JOIN users u ON n.created_by = u.id
       WHERE n.created_by = ? OR n.assigned_to = ?
       ORDER BY n.created_at DESC PARAMS: [ 2, 2 ]
QUERY Executing: SELECT n.*, u.name as created_by_name, u.rating_sum as creator_rating_sum, u.rating_count as creator_rating_count 
       FROM needs n
       JOIN users u ON n.created_by = u.id
       WHERE n.created_by = ? OR n.assigned_to = ?
       ORDER BY n.created_at DESC PARAMS: [ 2, 2 ]
QUERY SUCCESS, rows count: 3
QUERY SUCCESS, rows count: 3
QUERY Executing: 
      SELECT n.*, u.name as created_by_name, u.rating_sum as creator_rating_sum, u.rating_count as creator_rating_count 
      FROM needs n
      JOIN users u ON n.created_by = u.id
      ORDER BY n.created_at DESC
     PARAMS: []
QUERY Executing: 
      SELECT n.*, u.name as created_by_name, u.rating_sum as creator_rating_sum, u.rating_count as creator_rating_count 
      FROM needs n
      JOIN users u ON n.created_by = u.id
      ORDER BY n.created_at DESC
     PARAMS: []
QUERY SUCCESS, rows count: 8
QUERY SUCCESS, rows count: 8
QUERY Executing: SELECT n.*, u.name as created_by_name, u.rating_sum as creator_rating_sum, u.rating_count as creator_rating_count 
       FROM needs n
       JOIN users u ON n.created_by = u.id
       WHERE n.created_by = ? OR n.assigned_to = ?
       ORDER BY n.created_at DESC PARAMS: [ 2, 2 ]
QUERY Executing: SELECT n.*, u.name as created_by_name, u.rating_sum as creator_rating_sum, u.rating_count as creator_rating_count 
       FROM needs n
       JOIN users u ON n.created_by = u.id
       WHERE n.created_by = ? OR n.assigned_to = ?
       ORDER BY n.created_at DESC PARAMS: [ 2, 2 ]
QUERY SUCCESS, rows count: 3
QUERY SUCCESS, rows count: 3
QUERY Executing: SELECT n.*, u.name as created_by_name, u.rating_sum as creator_rating_sum, u.rating_count as creator_rating_count 
       FROM needs n
       JOIN users u ON n.created_by = u.id
       WHERE n.created_by = ? OR n.assigned_to = ?
       ORDER BY n.created_at DESC PARAMS: [ 2, 2 ]
QUERY Executing: SELECT n.*, u.name as created_by_name, u.rating_sum as creator_rating_sum, u.rating_count as creator_rating_count 
       FROM needs n
       JOIN users u ON n.created_by = u.id
       WHERE n.created_by = ? OR n.assigned_to = ?
       ORDER BY n.created_at DESC PARAMS: [ 2, 2 ]
QUERY SUCCESS, rows count: 3
QUERY SUCCESS, rows count: 3
QUERY Executing: SELECT created_by, assigned_to FROM needs WHERE id = ? PARAMS: [ '6' ]
QUERY SUCCESS, rows count: 1
QUERY Executing: SELECT m.*, u.name as sender_name 
       FROM messages m
       JOIN users u ON m.sender_id = u.id
       WHERE m.need_id = ?
       ORDER BY m.timestamp ASC PARAMS: [ '6' ]
QUERY SUCCESS, rows count: 1
QUERY Executing: SELECT n.*, u.name as created_by_name, u.rating_sum as creator_rating_sum, u.rating_count as creator_rating_count 
       FROM needs n
       JOIN users u ON n.created_by = u.id
       WHERE n.created_by = ? OR n.assigned_to = ?
       ORDER BY n.created_at DESC PARAMS: [ 2, 2 ]
QUERY Executing: SELECT n.*, u.name as created_by_name, u.rating_sum as creator_rating_sum, u.rating_count as creator_rating_count 
       FROM needs n
       JOIN users u ON n.created_by = u.id
       WHERE n.created_by = ? OR n.assigned_to = ?
       ORDER BY n.created_at DESC PARAMS: [ 2, 2 ]
QUERY SUCCESS, rows count: 3
QUERY SUCCESS, rows count: 3
QUERY Executing: SELECT n.*, u.name as created_by_name, u.rating_sum as creator_rating_sum, u.rating_count as creator_rating_count 
       FROM needs n
       JOIN users u ON n.created_by = u.id
       WHERE n.created_by = ? OR n.assigned_to = ?
       ORDER BY n.created_at DESC PARAMS: [ 2, 2 ]
QUERY Executing: SELECT n.*, u.name as created_by_name, u.rating_sum as creator_rating_sum, u.rating_count as creator_rating_count 
       FROM needs n
       JOIN users u ON n.created_by = u.id
       WHERE n.created_by = ? OR n.assigned_to = ?
       ORDER BY n.created_at DESC PARAMS: [ 2, 2 ]
QUERY SUCCESS, rows count: 3
QUERY SUCCESS, rows count: 3
QUERY Executing: SELECT * FROM users WHERE email = ? PARAMS: [ '24mcaa20@kristujayanti.com' ]
QUERY SUCCESS, rows count: 1
QUERY Executing: 
      SELECT n.*, u.name as created_by_name, u.rating_sum as creator_rating_sum, u.rating_count as creator_rating_count 
      FROM needs n
      JOIN users u ON n.created_by = u.id
      ORDER BY n.created_at DESC
     PARAMS: []
QUERY Executing: 
      SELECT n.*, u.name as created_by_name, u.rating_sum as creator_rating_sum, u.rating_count as creator_rating_count 
      FROM needs n
      JOIN users u ON n.created_by = u.id
      ORDER BY n.created_at DESC
     PARAMS: []
QUERY SUCCESS, rows count: 8
QUERY SUCCESS, rows count: 8
QUERY Executing: SELECT id, name, email, rating_sum, rating_count, created_at FROM users WHERE id = ? PARAMS: [ 2 ]
QUERY Executing: SELECT n.*, u.name as created_by_name, u.rating_sum as creator_rating_sum, u.rating_count as creator_rating_count 
       FROM needs n
       JOIN users u ON n.created_by = u.id
       WHERE n.created_by = ? OR n.assigned_to = ?
       ORDER BY n.created_at DESC PARAMS: [ 2, 2 ]
QUERY SUCCESS, rows count: 1
QUERY SUCCESS, rows count: 3
QUERY Executing: 
      SELECT n.*, u.name as created_by_name, u.rating_sum as creator_rating_sum, u.rating_count as creator_rating_count 
      FROM needs n
      JOIN users u ON n.created_by = u.id
      ORDER BY n.created_at DESC
     PARAMS: []
QUERY Executing: 
      SELECT n.*, u.name as created_by_name, u.rating_sum as creator_rating_sum, u.rating_count as creator_rating_count 
      FROM needs n
      JOIN users u ON n.created_by = u.id
      ORDER BY n.created_at DESC
     PARAMS: []
QUERY SUCCESS, rows count: 8
QUERY SUCCESS, rows count: 8
QUERY Executing: SELECT n.*, u.name as created_by_name, u.rating_sum as creator_rating_sum, u.rating_count as creator_rating_count 
       FROM needs n
       JOIN users u ON n.created_by = u.id
       WHERE n.created_by = ? OR n.assigned_to = ?
       ORDER BY n.created_at DESC PARAMS: [ 2, 2 ]
QUERY Executing: SELECT n.*, u.name as created_by_name, u.rating_sum as creator_rating_sum, u.rating_count as creator_rating_count 
       FROM needs n
       JOIN users u ON n.created_by = u.id
       WHERE n.created_by = ? OR n.assigned_to = ?
       ORDER BY n.created_at DESC PARAMS: [ 2, 2 ]
QUERY SUCCESS, rows count: 3
QUERY SUCCESS, rows count: 3
QUERY Executing: SELECT n.*, u.name as created_by_name, u.rating_sum as creator_rating_sum, u.rating_count as creator_rating_count 
       FROM needs n
       JOIN users u ON n.created_by = u.id
       WHERE n.created_by = ? OR n.assigned_to = ?
       ORDER BY n.created_at DESC PARAMS: [ 2, 2 ]
QUERY Executing: SELECT n.*, u.name as created_by_name, u.rating_sum as creator_rating_sum, u.rating_count as creator_rating_count 
       FROM needs n
       JOIN users u ON n.created_by = u.id
       WHERE n.created_by = ? OR n.assigned_to = ?
       ORDER BY n.created_at DESC PARAMS: [ 2, 2 ]
QUERY SUCCESS, rows count: 3
QUERY SUCCESS, rows count: 3
QUERY Executing: SELECT n.*, u.name as created_by_name, u.rating_sum as creator_rating_sum, u.rating_count as creator_rating_count 
       FROM needs n
       JOIN users u ON n.created_by = u.id
       WHERE n.created_by = ? OR n.assigned_to = ?
       ORDER BY n.created_at DESC PARAMS: [ 2, 2 ]
QUERY Executing: SELECT n.*, u.name as created_by_name, u.rating_sum as creator_rating_sum, u.rating_count as creator_rating_count 
       FROM needs n
       JOIN users u ON n.created_by = u.id
       WHERE n.created_by = ? OR n.assigned_to = ?
       ORDER BY n.created_at DESC PARAMS: [ 2, 2 ]
QUERY SUCCESS, rows count: 3
QUERY SUCCESS, rows count: 3
QUERY Executing: SELECT created_by, assigned_to FROM needs WHERE id = ? PARAMS: [ '6' ]
QUERY SUCCESS, rows count: 1
QUERY Executing: SELECT m.*, u.name as sender_name 
       FROM messages m
       JOIN users u ON m.sender_id = u.id
       WHERE m.need_id = ?
       ORDER BY m.timestamp ASC PARAMS: [ '6' ]
QUERY SUCCESS, rows count: 1
QUERY Executing: SELECT created_by, assigned_to FROM needs WHERE id = ? PARAMS: [ '6' ]
QUERY SUCCESS, rows count: 1
QUERY Executing: SELECT m.*, u.name as sender_name 
       FROM messages m
       JOIN users u ON m.sender_id = u.id
       WHERE m.need_id = ?
       ORDER BY m.timestamp ASC PARAMS: [ '6' ]
QUERY SUCCESS, rows count: 1
QUERY Executing: 
      SELECT n.*, u.name as created_by_name, u.rating_sum as creator_rating_sum, u.rating_count as creator_rating_count 
      FROM needs n
      JOIN users u ON n.created_by = u.id
      ORDER BY n.created_at DESC
     PARAMS: []
QUERY SUCCESS, rows count: 8
QUERY Executing: SELECT n.*, u.name as created_by_name, u.rating_sum as creator_rating_sum, u.rating_count as creator_rating_count 
       FROM needs n
       JOIN users u ON n.created_by = u.id
       WHERE n.created_by = ? OR n.assigned_to = ?
       ORDER BY n.created_at DESC PARAMS: [ 2, 2 ]
QUERY SUCCESS, rows count: 3
QUERY Executing: 
      SELECT n.*, u.name as created_by_name, u.rating_sum as creator_rating_sum, u.rating_count as creator_rating_count 
      FROM needs n
      JOIN users u ON n.created_by = u.id
      ORDER BY n.created_at DESC
     PARAMS: []
QUERY Executing: SELECT n.*, u.name as created_by_name, u.rating_sum as creator_rating_sum, u.rating_count as creator_rating_count 
       FROM needs n
       JOIN users u ON n.created_by = u.id
       WHERE n.created_by = ? OR n.assigned_to = ?
       ORDER BY n.created_at DESC PARAMS: [ 2, 2 ]
QUERY SUCCESS, rows count: 8
QUERY SUCCESS, rows count: 3
QUERY Executing: SELECT id, name, email, rating_sum, rating_count, created_at FROM users WHERE id = ? PARAMS: [ 2 ]
QUERY SUCCESS, rows count: 1
QUERY Executing: SELECT id, name, email, rating_sum, rating_count, created_at FROM users WHERE id = ? PARAMS: [ 2 ]
QUERY SUCCESS, rows count: 1
QUERY Executing: 
      SELECT n.*, u.name as created_by_name, u.rating_sum as creator_rating_sum, u.rating_count as creator_rating_count 
      FROM needs n
      JOIN users u ON n.created_by = u.id
      ORDER BY n.created_at DESC
     PARAMS: []
QUERY SUCCESS, rows count: 8
